IAS,Date,Development,Comments
1,March 1974,Exposure Draft E1 Disclosure of Accounting Policies,
1,January 1975,IAS 1 Disclosure of Accounting Policies issued,Operative for periods beginning on or after 1 January 1975
1,June 1975,Exposure Draft E5 Information to Be Disclosed in Financial Statements published,
1,October 1976,IAS 5 Information to Be Disclosed in Financial Statements issued,Operative for periods beginning on or after 1 January 1975
1,July 1978,Exposure Draft E14 Current Assets and Current Liabilities published,
1,November 1979,IAS 13 Presentation of Current Assets and Current Liabilities issued,Operative for periods beginning on or after 1 January 1981
1,1994,"IAS 1, IAS 5, and IAS 13 reformatted",
1,July 1996,Exposure Draft E53 Presentation of Financial Statements published,
1,August 1997,"IAS 1 Presentation of Financial Statements (1997) issued (Supersedes IAS 1 (1975), IAS 5, and IAS 13 (1979))",Operative for periods beginning on or after 1 July 1998
1,18 December 2003,IAS 1 Presentation of Financial Statements (2003) issued,Effective for annual periods beginning on or after 1 January 2005
1,18 August 2005,Amended by Amendment to IAS 1 — Capital Disclosures,Effective for annual periods beginning on or after 1 January 2007
1,16 March 2006,Exposure Draft Proposed Amendments to IAS 1 – A Revised Presentation published,Comment deadline 17 July 2006
1,22 June 2006,Exposure Draft Financial Instruments Puttable at Fair Value and Obligations Arising on Liquidation published,Comment deadline 23 October 2006
1,6 September 2007,IAS 1 Presentation of Financial Statements (2007) issued,Effective for annual periods beginning on or after 1 January 2009
1,14 February 2008,Amended by Puttable Financial Instruments and Obligations Arising on Liquidation,Effective for annual reporting periods beginning on or after 1 January 2009
1,22 May 2008,Amended by Annual Improvements to IFRSs 2007 (classification of derivatives as current or non-current),Effective for annual reporting periods beginning on or after 1 January 2009
1,16 April 2009,Amended by Improvements to IFRSs 2009 (classification of liabilities as current),Effective for annual periods beginning on or after 1 January 2010
1,6 May 2010,Amended by Improvements to IFRSs 2010 (clarification of statement of changes in equity),Effective for annual periods beginning on or after 1 January 2011
1,27 May 2010,Exposure Draft ED/2010/5 Presentation of Items of Other Comprehensive Income published,Comment deadline 30 September 2010
1,16 June 2011,Amended by Presentation of Items of Other Comprehensive Income,Effective for annual periods beginning on or after 1 July 2012
1,17 May 2012,Amended by Annual Improvements 2009-2011 Cycle (comparative information),Effective for annual periods beginning on or after 1 January 2013
1,18-Dec-14,Amended by Disclosure Initiative (Amendments to IAS 1) (project history),Effective for annual periods beginning on or after 1 January 2016
1,31-Oct-18,Amended by Definition of Material (Amendments to IAS 1 and IAS 8),Effective for annual periods beginning on or after 1 January 2020
1,23-Jan-20,Amended by Classification of Liabilities as Current or Non-current (Amendments to IAS 1),Effective for annual periods beginning on or after 1 January 2022
1,15-Jul-20,IASB defers effective date of Classification of Liabilities as Current or Non-current (Amendments to IAS 1) to 1 January 2022,The new effective date of the January 2020 amendments is now 1 January 2023
1,12-Feb-21,Amended by Disclosure of Accounting Policies (Amendments to IAS 1),Effective for annual periods beginning on or after 1 January 2023
1,31-Oct-22,Amended by Non-current Liabilities with Covenants (Amendments to IAS 1),Effective for annual periods beginning on or after 1 January 2024; the effective date of the January 2020 amendments is also pushed to 1 January 2024
1,09-Apr-24,"IFRS 18 Presentation and Disclosure in Financial Statements issued, which will superseded IAS 1 as of 1 January 2027",
2,September 1974,Exposure Draft E2 Valuation and Presentation of Inventories in the Context of the Historical Cost System published,
2,October 1975,IAS 2 Valuation and Presentation of Inventories in the Context of the Historical Cost System issued,
2,August 1991,Exposure Draft E38 Inventories published,
2,December 1993,IAS 9 (1993) Inventories issued,Operative for annual financial statements covering periods beginning on or after 1 January 1995
2,18 December 2003,IAS 2 Inventories issued,Effective for annual periods beginning on or after 1 January 2005
7,June 1976,Exposure Draft E7 Statement of Source and Application of Funds,
7,October 1977,IAS 7 Statement of Changes in Financial Position,
7,July 1991,Exposure Draft E36 Cash Flow Statements,
7,December 1992,IAS 7 (1992) Cash Flow Statements,Effective for annual periods beginning on or after 1 January 1994
7,6 September 2007,Retitled from Cash Flow Statements to Statement of Cash Flows as a consequential amendment resulting from revisions to IAS 1,
7,10-Jan-08,Amended by IAS 27(2008) relating to changes in ownership of a subsidiary,Effective for annual periods beginning on or after 1 July 2009
7,16 April 2009,IAS 7 amended by Annual Improvements to IFRSs 2009 with respect to expenditures that do not result in a recognised asset.,Effective for annual periods beginning on or after 1 January 2010
7,1 July 2009,Effective date for amendments from IAS 27(2008) relating to changes in ownership of a subsidiary,
7,29 January 2016,Amended by Disclosure Initiative (Amendments to IAS 7),Effective for annual periods beginning on or after 1 January 2017
7,25-May-23,Amended by Supplier Finance Arrangements (Amendments to IAS 7 and IFRS 7),Effective for annual periods beginning on or after 1 January 2024
7,09-Apr-24,Amended by IFRS 18 Presentation and Disclosure in Financial Statements,"The amendments require all companies to use the operating profit subtotal as defined in IFRS 18 as the starting point for the indirect method of reporting cash flows from operating activities. Additionally, the presentation alternatives for cash flows related to interest and dividends paid and received will be removed. The amendments need to be applied when IFRS 18 is applied which is effective for annual periods beginning on or after 1 January 2027."
7,18-Jul-24,Amended by Annual Improvements to IFRS Accounting Standards — Volume 11,The amendments are effective for annual reporting periods beginning on or after 1 January 2026
8,October 1976,Exposure Draft E8 The Treatment in the Income Statement of Unusual Items and Changes in Accounting Estimates and Accounting Policies,
8,February 1978,IAS 8 Unusual and Prior Period Items and Changes in Accounting Policies,
8,July 1992,"Exposure Draft E46 Extraordinary Items, Fundamental Errors and Changes in Accounting Policies",
8,December 1993,"IAS 8 (1993) Net Profit or Loss for the Period, Fundamental Errors and Changes in Accounting Policies (revised as part of the 'Comparability of Financial Statements' project)",Effective for annual periods beginning on or after 1 January 1995
8,18 December 2003,Revised version of IAS 8 issued by the IASB,Effective for annual periods beginning on or after 1 January 2005
8,31-Oct-18,Amended by Definition of Material (Amendments to IAS 1 and IAS 8),Effective for annual periods beginning on or after 1 January 2020
8,12 February 2021 ,Amended by Definition of Accounting Estimates (Amendments to IAS 8),Effective for annual periods beginning on or after 1 January 2023. An entity needs to apply the amendments to changes in accounting estimates and changes in accounting policies that occur on or after the beginning of the first annual reporting period in which it applies the amendments.
8,09-Apr-24,IAS 8 (2005) will be superseded by IAS 8 (2024) Basis of Preparation of Financial Statements when an entity applies IFRS 18 Presentation and Disclosure in Financial Statements ,"Effective for annual periods beginning on or after 1 January 2027, with earlier application permitted"
10,July 1977,Exposure Draft E10 Contingencies and Events Occurring After the Balance Sheet Date,
10,October 1978,IAS 10 Contingencies and Events Occurring After the Balance Sheet Date effective 1 January 1980,
10,1994,IAS 10 (1978) was reformatted,
10,August 1997,"Exposure Draft E59 Provisions, Contingent Liabilities and Contingent Assets",
10,September 1998,"IAS 37 Provisions, Contingent Liabilities and Contingent Assets",
10,1 July 1999,"Effective date of IAS 37, which superseded those portions of IAS 10 (1978) dealing with contingencies",
10,November 1998,Exposure Draft E63 Events After the Balance Sheet Date,
10,May 1999,IAS 10 (1999) Events After the Balance Sheet Date superseded those portions of IAS 10 (1978) dealing with events after the balance sheet date,
10,1 January 2000,Effective date of IAS 10 (1999),
10,18 December 2003,Revised version of IAS 10 issued by the IASB,
10,1 January 2005,Effective date of IAS 10 (Revised 2003),
10,6 September 2007,Retitled Events after the Reporting Period as a consequential amendment resulting from revisions to IAS 1,
11,December 1977,Exposure Draft E11 Accounting for Construction Contracts,
11,March 1979,IAS 11 Accounting for Construction Contracts,
11,1 January 1980,Effective date of IAS 11,
11,May 1992,Exposure Draft E42 Construction Contracts,
11,December 1993,IAS 11 (1993) Construction Contracts (revised as part of the 'Comparability of Financial Statements' project),
11,1 January 1995,Effective date of IAS 11 (1993),
11,01-Jan-18,IAS 11 will be superseded by IFRS 15 Revenue from Contracts with Customers,
12,April 1978,Exposure Draft E13 Accounting for Taxes on Income published,
12,July 1979,IAS 12 Accounting for Taxes on Income issued,
12,January 1989,Exposure Draft E33 Accounting for Taxes on Income published,
12,1994,IAS 12 (1979) was reformatted,
12,October 1994,Exposure Draft E49 Income Taxes published,
12,October 1996,IAS 12 Income Taxes issued,Operative for financial statements covering periods beginning on or after 1 January 1998
12,October 2000,Limited Revisions to IAS 12 published (tax consequences of dividends),Operative for financial statements covering periods beginning on or after 1 January 2001
12,31 March 2009,Exposure Draft ED/2009/2 Income Tax published,Comment deadline 31 July 2009 (proposals were not finalised)
12,10 September 2010,Exposure Draft ED/2010/11 Deferred Tax: Recovery of Underlying Assets (Proposed amendments to IAS 12) published,Comment deadline 9 November 2010
12,20 December 2010,Amended by Deferred Tax: Recovery of Underlying Assets,Effective for annual periods beginning on or after 1 January 2012
12,19-Jan-16,Amended by Recognition of Deferred Tax Assets for Unrealised Losses,Effective for annual periods beginning on or after 1 January 2017
12,07-Jun-17,IFRIC 23 Uncertainty over Income Tax Treatments issued,Effective for annual periods beginning on or after 1 January 2019
12,12-Dec-17,Amended by Annual Improvements to IFRS Standards 2015–2017 Cycle,Effective for annual periods beginning on or after 1 January 2019
12,07-May-21,Amended by Deferred Tax related to Assets and Liabilities arising from a Single Transaction (Amendments to IAS 12),Effective for annual periods beginning on or after 1 January 2023
12,23-May-23,Amended by International Tax Reform — Pillar Two Model Rules (Amendments to IAS 12),The amendments introduce an exception to the requirements in the standard that an entity does not recognise and does not disclose information about deferred tax assets and liabilities related to the OECD pillar two income taxes; an entity applies the exception and the requirement to disclose that it has applied the exception immediately upon issuance of the amendments; the remaining disclosure requirements are required for annual reporting periods beginning on or after 1 January 2023
14,March 1980,Exposure Draft E15 Reporting Financial Information by Segment,
14,August 1981,IAS 14 Reporting Financial Information by Segment,
14,1 January 1983,Effective date of IAS 14 (1981),
14,1994,IAS 14 (1981) was reformatted,
14,December 1995,Exposure Draft E51 Reporting Financial Information by Segment,
14,August 1997,IAS 14 Segment Reporting,
14,1 July 1998,Effective date of IAS 14 (1997),
14,30 November 2006,IAS 14 is superseded by IFRS 8 Operating Segments effective for annual periods beginning 1 January 2009,
15,January 1976,Exposure Draft E6 Accounting Treatment of Changing Prices,
15,June 1977,IAS 6 Accounting Responses to Changing Prices,
15,1 January 1978,Effective date of IAS 6,
15,August 1980,Exposure Draft E17 Information Reflecting the Effects of Changing Prices,
15,November 1981,IAS 15 Information Reflecting the Effects of Changing Prices superseded IAS 6,
15,1 January 1983,Effective date of IAS 15 (1981),
15,October 1989,"IASC Board voted to make the IAS 15 disclosures optional and added a statement to that effect at the front of IAS 15. In October 1989, the IASC issued a Board Statement making IAS 15 optional, not mandatory. IASC granted that exemption because of the failure to reach an international consensus on the disclosure of information reflecting the effects of changing prices. However, enterprises are encouraged to disclose information reflecting the effects of changing prices and, where they do so, to disclose the items required by IAS 15.",
15,1994,Reformatted,
15,2001,IASB tentatively decided to withdraw IAS 15,
15,December 2003,"Withdrawn effective 1 January 2005. In December 2003, the IASB withdrew IAS 15 as part of its Improvements Project, effective 1 January 2005.",
16,August 1980,"Exposure Draft E18 Accounting for Property, Plant and Equipment in the Context of the Historical Cost System published",
16,March 1982,"IAS 16 Accounting for Property, Plant and Equipment issued",Operative for financial statements covering periods beginning on or after 1 January 1983
16,1 January 1992,"Exposure Draft E43 Property, Plant and Equipment published",
16,December 1993,"IAS 16 Property, Plant and Equipment issued",Operative for financial statements covering periods beginning on or after 1 January 1995
16,,(revised as part of the 'Comparability of Financial Statements' project),
16,April and July 1998,"Amended to be consistent with IAS 22, IAS 36 and IAS 37",Operative for annual financial statements covering periods beginning on or after 1 July 1999
16,18 December 2003,"IAS 16 Property, Plant and Equipment issued",Effective for annual periods beginning on or after 1 January 2005
16,22 May 2008,Amended by Improvements to IFRSs (routine sales of assets held for rental),Effective for annual periods beginning on or after 1 January 2009
16,17 May 2012,Amended by Annual Improvements 2009-2011 Cycle (classification of servicing equipment),Effective for annual periods beginning on or after 1 January 2013
16,12 December 2013,Amended by Annual Improvements to IFRSs 2010–2012 Cycle (proportionate restatement of accumulated depreciation under the revaluation method),Effective for annual periods beginning on or after 1 July 2014
16,12-May-14,Amended by Clarification of Acceptable Methods of Depreciation and Amortisation (Amendments to IAS 16 and IAS 38),Effective for annual periods beginning on or after 1 January 2016
16,30-Jun-14,Amended by Agriculture: Bearer Plants (Amendments to IAS 16 and IAS 41),Effective for annual periods beginning on or after 1 January 2016
16,14-May-20,"Amended by Property, Plant and Equipment — Proceeds before Intended Use (Amendments to IAS 16)",Effective for annual periods beginning on or after 1 January 2022
17,October 1980,Exposure Draft E19 Accounting for Leases,
17,September 1982,IAS 17 Accounting for Leases,
17,1 January 1984,Effective date of IAS 17 (1982),
17,1994,IAS 17 (1982) was reformatted,
17,April 1997,"Exposure Draft E56, Leases",
17,December 1997,IAS 17 Leases,
17,1 January 1999,Effective date of IAS 17 (1997) Leases,
17,18 December 2003,Revised version of IAS 17 issued by the IASB,
17,1 January 2005,Effective date of IAS 17 (Revised 2003),
17,16 April 2009,IAS 17 amended for Annual Improvements to IFRSs 2009 about classification of land leases,
17,1 January 2010,"Effective date of the April 2009 revisions to IAS 17, with early application permitted (with disclosure)",
17,1 January 2019,IAS 17 will be superseded by IFRS 16 Leases,
18,April 1981,Exposure Draft E20 Revenue Recognition,
18,December 1982,IAS 18 Revenue Recognition,
18,1 January 1984,Effective date of IAS 18 (1982),
18,May 1992,E41 Revenue Recognition,
18,December 1993,IAS 18 Revenue Recognition (revised as part of the 'Comparability of Financial Statements' project),
18,1 January 1995,Effective date of IAS 18 (1993) Revenue Recognition,
18,December 1998,"Amended by IAS 39 Financial Instruments: Recognition and Measurement, effective 1 January 2001",
18,16 April 2009,Appendix to IAS 18 amended for Annual Improvements to IFRSs 2009. It now provides guidance for determining whether an entity is acting as a principal or as an agent.,
18,01-Jan-18,IAS 18 will be superseded by IFRS 15 Revenue from Contracts with Customers,
19,April 1980,Exposure Draft E16 Accounting for Retirement Benefits in Financial Statements of Employers published,
19,January 1983,IAS 19 Accounting for Retirement Benefits in Financial Statements of Employers issued,Operative for financial statements covering periods beginning on or after 1 January 1985
19,December 1992,E47 Retirement Benefit Costs published,
19,December 1993,IAS 19 Retirement Benefit Costs issued,Operative for financial statements covering periods beginning on or after 1 January 1995
19,October 1996,E54 Employee Benefits published,Comment deadline 31 January 1997
19,February 1998,IAS 19 Employee Benefits issued,Operative for financial statements covering periods beginning on or after 1 January 1999
19,July 2000,E67 Pension Plan Assets published,
19,October 2000,"Amended to change the definition of plan assets and to introduce recognition, measurement and disclosure requirements for reimbursements",Operative for annual financial statements covering periods beginning on or after 1 January 2001
19,May 2002,Amended to prevent the recognition of gains solely as a result of actuarial losses or past service cost and the recognition of losses solely as a result of actuarial gains,Operative for annual financial statements covering periods ending on or after 31 May 2002
19,5 December 2002,"ED 2 Share-based Payment published, proposing to replace the equity compensation benefits requirements of IAS 19",Comment deadline 7 March 2003
19,February 2004,Equity compensation benefits requirements replaced by IFRS 2 Share-based Payment,Effective for annual reporting periods beginning on or after 1 January 2005
19,29 April 2004,"Exposure Draft Proposed Amendments to IAS 19 Employee Benefits: Actuarial Gains and Losses, Group Plans and Disclosures published",Comment deadline 31 July 2004
19,19 December 2004,"Actuarial Gains and Losses, Group Plans and Disclosures issued",Effective for annual periods beginning on or after 1 January 2006
19,22 May 2008,Amended by Annual Improvements to IFRSs (negative past service costs and curtailments),Effective for annual periods beginning on or after 1 January 2009
19,20 August 2009,ED/2009/10 Discount Rate for Employee Benefits (Proposed amendments to IAS 19) published,Comment deadline 30 September 2009
19,,,(proposals were not finalised)
19,29 April 2010,ED/2010/3 Defined Benefit Plans (Proposed amendments to IAS 19) published,Comment deadline 6 September 2010
19,16 June 2011,IAS 19 Employee Benefits (amended 2011) issued,Effective for annual periods beginning on or after 1 January 2013
19,25 March 2013,ED/2013/4 Defined Benefit Plans: Employee Contributions (Proposed amendments to IAS 19) published,Comment deadline 25 July 2013
19,21 November 2013,Defined Benefit Plans: Employee Contributions (Amendments to IAS 19) issued,Effective for annual periods beginning on or after 1 July 2014
19,25-Sep-14,Amended by Improvements to IFRSs 2014 (discount rate: regional market issue),Effective for annual periods beginning on or after 1 January 2016
19,07-Feb-18,"Plan Amendment, Curtailment or Settlement (Amendments to IAS 19) issued",Effective for annual periods beginning on or after 1 January 2019
19,,,
20,September 1981,Exposure Draft E21 Accounting for Government Grants and Disclosure of Government Assistance,
20,April 1983,IAS 20 Accounting for Government Grants and Disclosure of Government Assistance,
20,1 January 1984,Effective date of IAS 20 (1983),
20,1994,IAS 20 (1983) was reformatted,
20,22 May 2008,IAS 20 amended for Annual Improvements to IFRSs 2007 to bring it in line with IAS 39 in respect of loans with the below market-rate of interest,
20,1 January 2009,Effective date of May 2008 amendment to IAS 20,
21,December 1977,Exposure Draft E11 Accounting for Foreign Transactions and Translation of Foreign Financial Statements,
21,March 1982,E11 was modified and re-exposed as Exposure Draft E23 Accounting for the Effects of Changes in Foreign Exchange Rates,
21,July 1983,IAS 21 Accounting for the Effects of Changes in Foreign Exchange Rates,
21,1 January 1985,Effective date of IAS 21 (1983),
21,1993,IAS 21 (1983) was revised as part of the comparability of financial statements project,
21,May 1992,Exposure Draft E44 The Effects of Changes in Foreign Exchange Rates,
21,December 1993,IAS 21 (1993) The Effects of Changes in Foreign Exchange Rates (revised as part of the 'Comparability of Financial Statements' project),
21,1 January 1995,Effective date of IAS 21 (1993),
21,18 December 2003,Revised version of IAS 21 issued by the IASB,
21,1 January 2005,Effective date of IAS 21 (Revised 2003),
21,December 2005,Minor Amendment to IAS 21 relating to net investment in a foreign operation,
21,1 January 2006,Effective date of the December 2005 amendments,
21,10 January 2008,Some revisions of IAS 21 as a result of the Business Combinations Phase II Project relating to disposals of foreign operations,
21,1 July 2009,Effective date of the January 2008 amendments,
21,15-Aug-23,Lack of Exchangeability (Amendments to IAS 21) published,An entity applies the amendments for annual reporting periods beginning on or after 1 January 2025
21,13-Nov-25,Translation to a Hyperinflationary Presentation Currency (Amendments to IAS 21) issued,The amendments are effective for annual periods beginning on or after 1 January 2027 with earlier application permitted
22,September 1981,Exposure Draft E22 Accounting for Business Combinations,
22,November 1983,IAS 22 Accounting for Business Combinations,
22,1 January 1985,Effective date of IAS 22 (1983),
22,June 1992,Exposure Draft E54 Business Combinations,
22,December 1993,"IAS 22 (1993), Business Combinations (revised as part of the 'Comparability of Financial Statements' project)",
22,1 January 1995,Effective date of IAS 22 (1993),
22,August 1997,Exposure Draft E61 Business Combinations,
22,September 1998,IAS 22 (1998) Business Combinations,
22,1 July 1999,Effective date of IAS 22 (1998) Business Combinations,
22,31 March 2004,"IAS 22 superseded by IFRS 3 Business Combinations (2004), effective for business combinations for which the agreement date is on or after 31 March 2004",
23,November 1982,Exposure Draft E24 Capitalisation of Borrowing Costs,
23,March 1984,IAS 23 Capitalisation of Borrowing Costs,
23,1 January 1986,Effective date of IAS 23 (1984),
23,August 1991,Exposure Draft E39 Capitalisation of Borrowing Costs,
23,December 1993,IAS 23 (1993) Borrowing Costs (revised as part of the 'Comparability of Financial Statements' project),
23,1 January 1995,Effective date of IAS 23 (1993) Borrowing Costs,
23,25 May 2006,Exposure Draft of proposed amendments to IAS 23,
23,29 March 2007,IASB amends IAS 23 to require capitalisation of borrowing costs.,
23,22 May 2008,IAS 23 amended for 'Annual Improvements to IFRSs 2007 for components of borrowing costs,
23,1 January 2009,Effective date of March 2007 and May 2008 amendments to IAS 23,
23,12-Dec-17,IAS 23 amended for 'Annual Improvements to IFRS Standards 2015–2017'.,
24,March 1983,Exposure Draft E25 Disclosure of Related Party Transactions,
24,July 1984,IAS 24 Related Party Disclosures issued,Effective 1 January 1986
24,1994,IAS 24 was reformatted,
24,18 December 2003,IAS 24 Related Party Disclosures,Effective for annual periods beginning on or after 1 January 2005
24,22 February 2007,Exposure Draft State-controlled Entities and the Definition of a Related Party published,Comment deadline 25 May 2007
24,11 December 2008,Exposure Draft Relationships with the State (Proposed amendments to IAS 24) published,Comment deadline 13 March 2009
24,4 November 2009,IAS 24 Related Party Disclosures issued,Effective for annual periods beginning on or after 1 January 2011
24,12 December 2013,Amended by Annual Improvements to IFRSs 2010–2012 Cycle (entities providing key management personnel services),Effective for annual periods beginning on or after 1 July 2014
26,July 1985,Exposure Draft E27 Accounting and Reporting by Retirement Benefit Plans,
26,January 1987,IAS 26 Accounting and Reporting by Retirement Benefit Plans,
26,1 January 1988,Effective date of IAS 26 (1987),
26,1994,IAS 26 was reformatted,
27,September 1987,Exposure Draft E30 Consolidated Financial Statements and Accounting for Investments in Subsidiaries,
27,April 1989,IAS 27 Consolidated Financial Statements and Accounting for Investments in Subsidiaries,
27,1 January 1990,Effective date of IAS 27 (1989),
27,1994,IAS 27 was reformatted,
27,December 1998,IAS 27 was amended by IAS 39 Financial Instruments: Recognition and Measurement effective 1 January 2001,
27,18 December 2003,Revised version of IAS 27 issued by the IASB,
27,1 January 2005,Effective date of IAS 27 (2003),
27,25 June 2005,Exposure Draft of Proposed Amendments to IFRS 3 and IAS 27,
27,10 January 2008,Revised IAS 27 (2008) issued,
27,22 May 2008,IAS 27 amended for Cost of a Subsidiary in the Separate Financial Statements of a Parent on First-time Adoption of IFRSs,
27,22 May 2008,IAS 27 amended for Annual Improvements to IFRSs 2007 relating to measurement of investments held for sale under IFRS 5 in separate financial statements,
27,1 January 2009,Effective date of the two May 2008 amendments,
27,1 July 2009,Effective date of IAS 27 (2008). Deloitte has published a Special Edition of our IAS Plus Newsletter dealing with the January 2008 revisions to IFRS 3 and IAS 27 (PDF 123k).,
27,6 May 2010,IAS 27 amended for Annual Improvements to IFRSs 2010,
27,1 July 2010,Effective date of May 2010 amendment to IAS 27,
27,12 May 2011,IAS 27 (2008) is superseded by IAS 27 Separate Financial Statements (2011) and IFRS 10 Consolidated Financial Statements effective 1 January 2013,
28,July 1986,Exposure Draft E28 Accounting for Investments in Associates and Joint Ventures,
28,April 1989,IAS 28 Accounting for Investments in Associates issued,Effective 1 January 1990
28,1994,IAS 28 was reformatted,
28,December 1998,Amended by IAS 39 Financial Instruments: Recognition and Measurement,Effective 1 January 2001
28,18 December 2003,IAS 28 Investments in Associates issued,Effective for annual periods beginning on or after 1 January 2005
28,10 January 2008,Amended by IFRS 3 Business Combinations (loss of significant influence),Effective for annual periods beginning on or after 1 July 2009
28,22 May 2008,Amended by Improvements to IFRSs (impairment testing),Effective for annual periods beginning on or after 1 January 2009
28,12 May 2011,Superseded by IAS 28 Investments in Associates and Joint Ventures (2011),Effective for annual periods beginning on or after 1 January 2013
29,November 1987,Exposure Draft E31 Financial Reporting in Hyperinflationary Economies,
29,July 1989,IAS 29 Financial Reporting in Hyperinflationary Economies,
29,1 January 1990,Effective date of IAS 29 (1989),
29,1994,IAS 29 was reformatted,
29,22 May 2008,IAS 29 amended for Annual Improvements to IFRSs 2007,
29,1 January 2009,Effective date of the May 2008 revisions to IAS 29,
30,April 1987,Exposure Draft E29 Disclosures in Financial Statements of Banks,
30,July 1989,Exposure Draft E29 was modified and re-exposed as Exposure Draft E34 Disclosures in Financial Statements of Banks and Similar Financial Institutions,
30,August 1990,IAS 30 Disclosures in Financial Statements of Banks and Similar Financial Institutions,
30,1 January 1991,Effective date of IAS 30 (1990),
30,1994,IAS 30 was reformatted,
30,December 1998,"IAS 30 was amended by IAS 39 Financial Instruments: Recognition and Measurement, effective 1 January 2001",
30,18 August 2005,IAS 30 is superseded by IFRS 7 Financial Instruments: Disclosures effective 1 January 2007,
31,December 1989,Exposure Draft E35 Financial Reporting of Interests in Joint Ventures,
31,December 1990,IAS 31 Financial Reporting of Interests in Joint Ventures,
31,1 January 1992,Effective date of IAS 31 (1990),
31,1994,IAS 31 was reformatted,
31,December 1998,IAS 31 was revised by IAS 39 effective 1 January 2001,
31,18 December 2003,Revised version of IAS 31 issued by the IASB,
31,1 January 2005,Effective date of IAS 31 (Revised 2003),
31,13 September 2007,Exposure Draft ED 9 Joint Arrangements issued. Proposes to replace IAS 31 with a new standard titled Joint Arrangements.,
31,10 January 2008,Some significant revisions of IAS 31 were adopted as a result of the Business Combinations Phase II Project relating to loss of joint control,
31,22 May 2008,IAS 31 amended for Annual Improvements to IFRSs 2007 for certain disclosures and reversals of impairment losses (equity method),
31,1 January 2009,Effective date of the May 2008 revisions to IAS 31,
31,1 July 2009,Effective date of the January 2008 revisions to IAS 31,
31,12 May 2011,IAS 31 is superseded by IFRS 11 Joint Arrangements and IFRS 12 Disclosure of Interests in Other Entities effective 1 January 2013,
32,September 1991,Exposure Draft E40 Financial Instruments,
32,January 1994,E40 was modified and re-exposed as Exposure Draft E48 Financial Instruments,
32,June 1995,The disclosure and presentation portion of E48 was adopted as IAS 32 Financial Instruments: Disclosure and Presentation,
32,1 January 1996,Effective date of IAS 32 (1995),
32,December 1998,"IAS 32 was revised by IAS 39, effective 1 January 2001",
32,17 December 2003,Revised version of IAS 32 issued by the IASB,
32,1 January 2005,Effective date of IAS 32 (2003),
32,18 August 2005,Disclosure provisions of IAS 32 are replaced by IFRS 7 Financial Instruments: Disclosures effective 1 January 2007. Title of IAS 32 changed to Financial Instruments: Presentation,
32,22 June 2006,Exposure Draft of proposed amendments relating to Puttable Instruments and Obligations Arising on Liquidation,
32,14 February 2008,IAS 32 amended for Puttable Instruments and Obligations Arising on Liquidation,
32,1 January 2009,Effective date of amendments for puttable instruments and obligations arising on liquidation,
32,6 August 2009,Exposure Draft Classification of Rights Issues proposing to amend IAS 32,
32,8 October 2009,Amendment to IAS 32 about Classification of Rights Issues,
32,1 February 2010,Effective date of the October 2009 amendment,
32,16 December 2011,Offsetting Financial Assets and Financial Liabilities (Amendments to IAS 32) issued,
32,17 May 2012,Amendments resulting from Annual Improvements 2009-2011 Cycle (tax effect of equity distributions). Click for More Information,
32,1 January 2013,Effective date of May 2012 amendments (Annual Improvements 2009-2011 Cycle),
32,1 January 2014,Effective date of December 2011 amendments,
33,January 1996,Exposure Draft E33 Earnings Per Share,
33,February 1997,IAS 33 Earnings Per Share,Effective for annual periods beginning on or after 1 January 1999
33,18 December 2003,Revised version of IAS 33 issued by the IASB,Effective for annual periods beginning on or after 1 January 2005
33,7 August 2008,IASB proposes to amend IAS 33. Click for Press Release (PDF 48k).,
33,6 September 2007,Amended by IAS 1 Pre­sen­ta­tion of Financial State­ments (2007) ,Effective for annual periods beginning on or after 1 January 2009
33,12-May-11,Amended by IFRS 10 Consolidated Financial Statements and IFRS 11 Joint Arrangements,Effective for annual periods beginning on or after 1 January 2013
33,12-May-11,Amended by IFRS 13 Fair Value Measurements,Effective for annual periods beginning on or after 1 January 2013
33,16-Jun-11,Amended by IAS 1 Pre­sen­ta­tion of Items of Other Com­pre­hen­sive Income,Effective for annual periods beginning on or after 1 July 2012
33,24-Jul-14,Amended by IFRS 9 Financial Instruments,Effective for annual periods beginning on or after 1 January 2018
33,09-Apr-24,Amended by IFRS 18 Presentation and Disclosure in Financial Statements ,"The amendments to IAS 33 permit an entity to disclose additional earnings per share in the notes only if the numerator is either a total or subtotal identified in IFRS 18 or is a management performance measure. The amendments need to be applied when IFRS 18 is applied, which is effective for annual periods beginning on or after 1 January 2027"
34,August 1997,Exposure Draft E57 Interim Financial Reporting published,
34,June 1998,IAS 34 Interim Financial Reporting issued,Operative for financial statements covering periods beginning on or after 1 January 1999
34,6 May 2010,Amended by Improvements to IFRSs 2010 (significant transactions and events),Effective for annual periods beginning on or after 1 January 2011
34,17 May 2012,Amended by Annual Improvements 2009-2011 Cycle (segment information),Effective for annual periods beginning on or after 1 January 2013
34,31-Oct-12,"Amended by Investment Entities (Amendments to IFRS 10, IFRS 12 and IAS 27)",Effective for annual periods beginning on or after 1 January 2014
34,28-May-14,Amended by IFRS 15 Revenue from Contracts with Customers,Effective for annual periods beginning on or after 1 January 2018
34,25-Sep-14,Amended by Improvements to IFRSs 2014 (disclosure of information 'elsewhere in the interim financial report'),Effective for annual periods beginning on or after 1 January 2016
34,18-Dec-14,Amended by Disclosure Initiative (Amendments to IAS 1),Effective for annual periods beginning on or after 1 January 2016
34,29-Mar-18,Amended by Amendments to References to the Conceptual Framework in IFRS Standards    ,Effective for annual periods beginning on or after 1 January 2020
34,31-Oct-18,Amended by Definition of Material (Amendments to IAS 1 and IAS 8) ,Effective for annual periods beginning on or after 1 January 2020
34,12-Feb-21,Amended by Disclosure of Accounting Policies (Amendments to IAS 1 and Practice Statement 2 Making Materiality Judgements),Effective for annual periods beginning on or after 1 January 2023
34,9 April 2024 ,Amended by IFRS 18 Presentation and Disclosure in Financial Statements,The amendments to IAS 34 require an entity to include in its interim report the disclosures about management-defined performance measures required by paragraphs 121–125 of IFRS 18. The amendments need to be applied when IFRS 18 is applied which is effective for annual periods beginning on or after 1 January 2027.
35,August 1997,Exposure Draft E58 Discontinuing Operations,
35,June 1998,IAS 35 Discontinuing Operations,
35,1 July 1999,Effective date of IAS 35 (1998),
35,31 March 2004,IAS 35 is superseded by IFRS 5 Non-current Assets Held for Sale and Discontinued Operations effective 1 January 2005,
36,May-97,Exposure Draft E55 Impairment of Assets,
36,Jun-98,IAS 36 Impairment of Assets,Operative for financial statements covering periods beginning on or after 1 July 1999
36,31 March 2004,IAS 36 Impairment of Assets revised,"Applies to goodwill and intangible assets acquired in business combinations for which the agreement date is on or after 31 March 2004, and for all other assets prospectively from the beginning of the first annual period beginning on or after 31 March 2004"
36,22 May 2008,Amended by Annual Improvements to IFRSs 2007 (disclosure of estimates used to determine a recoverable amount),Effective for annual periods beginning on or after 1 January 2009
36,16 April 2009,Amended by Annual Improvements to IFRSs 2009 (units of accounting for goodwill impairment testing using segments under IFRS 8 before aggregation),Effective for annual periods beginning on or after 1 January 2010
36,29 May 2013,Amended by Recoverable Amount Disclosures for Non-Financial Assets (clarification of disclosures required),Effective for annual periods beginning on or after 1 January 2014
37,August 1997,"Exposure Draft E59 Provisions, Contingent Liabilities and Contingent Assets published",
37,September 1998,"IAS 37 Provisions, Contingent Liabilities and Contingent Assets issued",Operative for annual financial statements covering periods beginning on or after 1 July 1999
37,30 June 2005,"Exposure Draft Amendments to IAS 37 Provisions, Contingent Liabilities and Contingent Assets and IAS 19 Employee Benefits published","Comment deadline 28 October 2005 (proposals were not finalised, instead being reconsidered as a longer term research project)"
37,14-May-20,Amended by Onerous Contracts — Cost of Fulfilling a Contract (Amendments to IAS 37),Effective for annual periods beginning on or after 1 January 2022
38,February 1977,Exposure Draft E9 Accounting for Research and Development Activities,
38,July 1978,IAS 9 (1978) Accounting for Research and Development Activities issued,Effective 1 January 1980
38,August 1991,Exposure Draft E37 Research and Development Costs published,
38,December 1993,IAS 9 (1993) Research and Development Costs issued,Operative for annual financial statements covering periods beginning on or after 1 January 1995
38,Jun-95,Exposure Draft E50 Intangible Assets published,
38,Aug-97,E50 was modified and re-exposed as Exposure Draft E59 Intangible Assets,
38,September 1998,IAS 38 Intangible Assets issued,Operative for annual financial statements covering periods beginning on or after 1 July 1998
38,31 March 2004,IAS 38 Intangible Assets issued,"Applies to intangible assets acquired in business combinations occurring on or after 31 March 2004, or otherwise to other intangible assets for annual periods beginning on or after 31 March 2004"
38,22 May 2008,"Amended by Improvements to IFRSs (advertising and promotional activities, units of production method of amortisation)",Effective for annual periods beginning on or after 1 January 2009
38,16 April 2009,Amended by Improvements to IFRSs (measurement of intangible assets in business combinations),Effective for annual periods beginning on or after 1 July 2009
38,12 December 2013,Amended by Annual Improvements to IFRSs 2010–2012 Cycle (proportionate restatement of accumulated depreciation under the revaluation method),Effective for annual periods beginning on or after 1 July 2014
38,12 May 2014,Amended by Clarification of Acceptable Methods of Depreciation and Amortisation (Amendments to IAS 16 and IAS 38),Effective for annual periods beginning on or after 1 January 2016
39,October 1984,Exposure Draft E26 Accounting for Investments,
39,March 1986,IAS 25 Accounting for Investments,Operative for financial statements covering periods beginning on or after 1 January 1987
39,September 1991,Exposure Draft E40 Financial Instruments,
39,January 1994,E40 was modified and re-exposed as Exposure Draft E48 Financial Instruments,
39,June 1995,The disclosure and presentation portion of E48 was adopted as IAS 32,
39,March 1997,Discussion Paper Accounting for Financial Assets and Financial Liabilities issued,
39,June 1998,Exposure Draft E62 Financial Instruments: Recognition and Measurement issued,Comment deadline 30 September 1998
39,December 1998,IAS 39 Financial Instruments: Recognition and Measurement (1998),Effective date 1 January 2001
39,April 2000,Withdrawal of IAS 25 following the approval of IAS 40 Investment Property,Effective for financial statements covering periods beginning on or after 1 January 2001
39,October 2000,Limited revisions to IAS 39,Effective date 1 January 2001
39,17 December 2003,IAS 39 Financial Instruments: Recognition and Measurement (2004) issued,Effective for annual periods beginning on or after 1 January 2005
39,31 March 2004,IAS 39 revised to reflect macro hedging,Effective for annual periods beginning on or after 1 January 2005
39,17 December 2004,Amendment issued to IAS 39 for transition and initial recognition of profit or loss,
39,14 April 2005,Amendment issued to IAS 39 for cash flow hedges of forecast intragroup transactions,Effective for annual periods beginning on or after 1 January 2006
39,15 June 2005,Amendment to IAS 39 for fair value option,Effective for annual periods beginning on or after 1 January 2006
39,18 August 2005,Amendment to IAS 39 for financial guarantee contracts,Effective for annual periods beginning on or after 1 January 2006
39,22 May 2008,IAS 39 amended for Annual Improvements to IFRSs 2007,Effective for annual periods beginning on or after 1 January 2009
39,30 July 2008,Amendment to IAS 39 for eligible hedged items,Effective for annual periods beginning on or after 1 July 2009
39,13 October 2008,Amendment to IAS 39 for reclassifications of financial assets,Effective 1 July 2008
39,12 March 2009,Amendment to IAS 39 for embedded derivatives on reclassifications of financial assets,Effective for annual periods beginning on or after 1 July 2009
39,16 April 2009,IAS 39 amended for Annual Improvements to IFRSs 2009,Effective for annual periods beginning on or after 1 January 2010
39,12-Nov-09,"IFRS 9 Financial Instruments issued, replacing the classification and measurement of financial assets provisions of IAS 39","Original effective date 1 January 2013, later deferred and subsequently removed*"
39,28-Oct-10,"IFRS 9 Financial Instruments reissued, incorporating new requirements on accounting for financial liabilities and carrying over from IAS 39 the requirements for derecognition of financial assets and financial liabilities","Original effective date 1 January 2013, later deferred and subsequently removed*"
39,27 June 2013,Amended by Novation of Derivatives and Continuation of Hedge Accounting,Effective for annual periods beginning on or after 1 January 2014 (earlier application permitted)
39,19 November 2013,"IFRS 9 Financial Instruments (Hedge Accounting and amendments to IFRS 9, IFRS 7 and IAS 39) issued, permitting an entity to elect to continue to apply the hedge accounting requirements in IAS 39 for a fair value hedge of the interest rate exposure of a portion of a portfolio of financial assets or financial liabilities when IFRS 9 is applied, and to extend the fair value option to certain contracts that meet the 'own use' scope exception",Applies when IFRS 9 is applied
39,24 July 2014,"IFRS 9 Financial Instruments issued, replacing IAS 39 requirements for classification and measurement, impairment, hedge accounting and derecognition","Effective for annual periods beginning on or after 1 January 2018 (When an entity first applies IFRS 9, it may choose as its accounting policy choice to continue to apply the hedge accounting requirements of IAS 39 instead of the requirements of Chapter 6 of IFRS 9. The IASB currently is undertaking a project on macro hedge accounting which is expected to eventually replace these sections of IAS 39.)"
40,October 1984,Exposure Draft E26 Accounting for Investments published,
40,March 1986,IAS 25 Accounting for Investments issued,Operative for financial statements covering periods beginning on or after 1 January 1987
40,July 1999,Exposure Draft E64 Investment Property published,Comment deadline 31 October 1999
40,April 2000,IAS 40 Investment Property (2000) issued (Supersedes IAS 25 with respect to investment property),Operative for annual financial statements covering periods beginning on or after 1 January 2001
40,May 2002,Exposure Draft Improvements to International Accounting Standards (2000) published,Comment deadline 16 September 2002
40,18 December 2003,IAS 40 Investment Property (2003) issued,Effective for annual periods beginning on or after 1 January 2005
40,22 May 2008,Amended by Annual Improvements to IFRSs 2007 (include property under construction or development for future use within scope),Effective for annual periods beginning on or after 1 January 2009
40,12 December 2013,Amended by Annual Improvements to IFRSs 2011–2013 Cycle (interrelationship between IFRS 3 and IAS 40),Effective for annual periods beginning on or after 1 July 2014
40,08-Dec-16,Amended by Transfers of Investment Property (Amendments to IAS 40),Effective for annual periods beginning on or after 1 July 2018
41,December 1999,Exposure Draft E65 Agriculture,Comment deadline 31 January 2000
41,December 2000,IAS 41 Agriculture issued,Operative for annual financial statements covering periods beginning on or after 1 January 2003
41,22 May 2008,Amended by Improvements to IFRSs (discount rates),Effective for annual periods beginning on or after 1 January 2009
41,30 June 2014,Amended by Agriculture: Bearer Plants (Amendments to IAS 16 and IAS 41),Effective for annual periods beginning on or after 1 January 2016
41,14-May-20,Amended by Annual Improvements to IFRS Standards 2018–2020 (taxation in fair value measurements). Click for more information,Effective for annual periods beginning on or after 1 January 2022
,,,
