Standard Name,Date,Development/Amendment/Change Name,Comments/Changes
IFRS 1,"=""Apr-2001""","In April 2001 the International Accounting Standards Board (Board) adopted SIC-8 First-time Application of IASs as the Primary Basis of Accounting, which had been issued by the Standing Interpretations Committee of the International Accounting Standards Committee in July 1998.",
IFRS 1,"=""Jun-2003""",In June 2003 the Board issued IFRS 1 First-time Adoption of International Financial Reporting Standards to replace SIC-8.,
IFRS 1,"=""2007""","IAS 1 Presentation of Financial Statements (as revised in 2007) amended the terminology used throughout IFRS Standards, including IFRS 1.",
IFRS 1,"=""Nov-2008""",The Board restructured IFRS 1 in November 2008.,
IFRS 1,"=""Dec-2010""",In December 2010 the Board amended IFRS 1 to reflect that a first-time adopter would restate past transactions from the date of transition to IFRS Standards instead of at 1 January 2004.,
IFRS 1,"=""2003""","Since it was issued in 2003, IFRS 1 was amended to accommodate first-time adoption requirements resulting from new or amended Standards.",
IFRS 1,"=""May-2017""","Most recently, IFRS 1 was amended by IFRS 17 Insurance Contracts (issued May 2017), which added an exception to the retrospective application of IFRS 17 to require that first-time adopters apply the transition provisions in IFRS 17 to contracts within the scope of IFRS 17.",
IFRS 1,"=""May-2010""",Improvements to IFRSs,Minor consequential amendment to IFRS 1
IFRS 1,"=""Jan-2008""",Revised IFRS 3 Business Combinations,Minor consequential amendment to IFRS 1
IFRS 1,"=""Dec-2010""",Severe Hyperinflation and Removal of Fixed Dates for First-time Adopters (Amendments to IFRS 1),Minor consequential amendment to IFRS 1
IFRS 1,"=""May-2011""",IFRS 10 Consolidated Financial Statements,Minor consequential amendment to IFRS 1
IFRS 1,"=""May-2011""",IFRS 11 Joint Arrangements,Minor consequential amendment to IFRS 1
IFRS 1,"=""May-2011""",IFRS 13 Fair Value Measurement,Minor consequential amendment to IFRS 1
IFRS 1,"=""Jun-2011""",IAS 19 Employee Benefits,Minor consequential amendment to IFRS 1
IFRS 1,"=""Jun-2011""",Presentation of Items of Other Comprehensive Income (Amendments to IAS 1),Minor consequential amendment to IFRS 1
IFRS 1,"=""Oct-2011""",IFRIC 20 Stripping Costs in the Production Phase of a Surface Mine,Minor consequential amendment to IFRS 1
IFRS 1,"=""Mar-2012""",Government Loans,Minor consequential amendment to IFRS 1
IFRS 1,"=""May-2012""",Annual Improvements to IFRSs 2009-2011 Cycle,Minor consequential amendment to IFRS 1
IFRS 1,"=""Jun-2012""","Consolidated Financial Statements, Joint Arrangements and Disclosure of Interests in Other Entities: Transition Guidance (Amendments to IFRS 10, IFRS 11 and IFRS 12)",Minor consequential amendment to IFRS 1
IFRS 1,"=""Oct-2012""","Investment Entities (Amendments to IFRS 10, IFRS 12 and IAS 27)",Minor consequential amendment to IFRS 1
IFRS 1,"=""Nov-2013""","IFRS 9 Financial Instruments (Hedge Accounting and amendments to IFRS 9, IFRS 7 and IAS 39)",Minor consequential amendment to IFRS 1
IFRS 1,"=""Jan-2014""",IFRS 14 Regulatory Deferral Accounts,Minor consequential amendment to IFRS 1
IFRS 1,"=""May-2014""",Accounting for Acquisitions of Interests in Joint Operations (Amendments to IFRS 11),Minor consequential amendment to IFRS 1
IFRS 1,"=""May-2014""",IFRS 15 Revenue from Contracts with Customers,Minor consequential amendment to IFRS 1
IFRS 1,"=""Jul-2014""",IFRS 9 Financial Instruments,Minor consequential amendment to IFRS 1
IFRS 1,"=""Aug-2014""",Equity Method in Separate Financial Statements (Amendments to IAS 27),Minor consequential amendment to IFRS 1
IFRS 1,"=""Jan-2016""",IFRS 16 Leases,Minor consequential amendment to IFRS 1
IFRS 1,"=""Dec-2016""",Annual Improvements to IFRS Standards 2014-2016 Cycle,Minor consequential amendment to IFRS 1
IFRS 1,"=""Dec-2016""","which deleted several lapsed short-term exemptions, IFRIC 22 Foreign Currency Transactions and Advance Consideration",Minor consequential amendment to IFRS 1
IFRS 1,"=""Jun-2017""",IFRIC 23 Uncertainty over Income Tax Treatments,Minor consequential amendment to IFRS 1
IFRS 1,"=""Mar-2018""",Amendments to References to the Conceptual Framework in IFRS Standards,Minor consequential amendment to IFRS 1
IFRS 1,"=""May-2020""",Annual Improvements to IFRS Standards 2018-2020,Minor consequential amendment to IFRS 1
IFRS 1,"=""May-2021""",Deferred Tax related to Assets and Liabilities arising from a Single Transaction,Minor consequential amendment to IFRS 1
IFRS 1,"=""Aug-2023""",Lack of Exchangeability (Amendments to IAS 21),Minor consequential amendment to IFRS 1
IFRS 1,"=""Jul-2024""",Annual Improvements to IFRS Accounting Standards-Volume 11,Minor consequential amendment to IFRS 1
IFRS 1,"=""Apr-2024""",IFRS 18 Presentation and Disclosure in Financial Statements and IFRS 19 Subsidiaries without Public Accountability: Disclosures,Minor consequential amendment to IFRS 1
IFRS 2,"=""Feb-2004""",In February 2004 the International Accounting Standards Board (Board) issued IFRS 2 Share-based Payment.,
IFRS 2,"=""Jan-2008""",The Board amended IFRS 2 to clarify its scope in January 2008 and to incorporate the guidance contained in two related Interpretations (IFRIC 8 Scope of IFRS 2 and IFRIC 11 IFRS 2-Group and Treasury Share Transactions) in June 2009.,
IFRS 2,"=""Jun-2016""",In June 2016 the Board issued Classification and Measurement of Share-based Payment Transactions (Amendments to IFRS 2). This amended IFRS 2 to clarify the accounting for (a) the effects of vesting and non-vesting conditions on the measurement of cash-settled share-based payments; (b) share-based payment transactions with a net settlement feature for withholding tax obligations; and (c) a modification to the terms and conditions of a share-based payment that changes the classification of the transaction from cash-settled to equity-settled.,
IFRS 2,"=""May-2011""",IFRS 10 Consolidated Financial Statements,Minor consequential amendment to IFRS 2
IFRS 2,"=""May-2011""",IFRS 11 Joint Arrangements,Minor consequential amendment to IFRS 2
IFRS 2,"=""May-2011""",IFRS 13 Fair Value Measurement,Minor consequential amendment to IFRS 2
IFRS 2,"=""Dec-2013""",Annual Improvements to IFRSs 2010-2012 Cycle,Minor consequential amendment to IFRS 2
IFRS 2,"=""Jul-2014""",IFRS 9 Financial Instruments,Minor consequential amendment to IFRS 2
IFRS 2,"=""Mar-2018""",Amendments to References to the Conceptual Framework in IFRS Standards and Definition of Material (Amendments to IAS 1 and IAS 8),Minor consequential amendment to IFRS 2
IFRS 3,"=""Apr-2001""","In April 2001 the International Accounting Standards Board (Board) adopted IAS 22 Business Combinations, which had originally been issued by the International Accounting Standards Committee in October 1998.",
IFRS 3,"=""Nov-1983""",IAS 22 was itself a revised version of IAS 22 Business Combinations that was issued in November 1983.,
IFRS 3,"=""Mar-2004""","In March 2004 the Board replaced IAS 22 and three related Interpretations (SIC-9 Business Combinations-Classification either as Acquisitions or Unitings of Interests, SIC-22 Business Combinations-Subsequent Adjustment of Fair Values and Goodwill Initially Reported and SIC-28 Business Combinations-‘Date of Exchange’ and Fair Value of Equity Instruments) when it issued IFRS 3 Business Combinations.",
IFRS 3,"=""Mar-2004""","Minor amendments were made to IFRS 3 in March 2004 by IFRS 5 Non-current Assets Held for Sale and Discontinued Operations and IAS 1 Presentation of Financial Statements (as revised in September 2007), which amended the terminology used throughout the Standards, including IFRS 3.",
IFRS 3,"=""Jan-2008""",In January 2008 the Board issued a revised IFRS 3. Please refer to Background Information in the Basis for Conclusions on IFRS 3 for a fuller description of those revisions.,
IFRS 3,"=""Oct-2018""","In October 2018, the Board amended IFRS 3 by issuing Definition of a Business (Amendments to IFRS 3). This amended IFRS 3 to narrow and clarify the definition of a business, and to permit a simplified assessment of whether an acquired set of activities and assets is a group of assets rather than a business.",
IFRS 3,"=""May-2020""","In May 2020, the Board amended IFRS 3 by issuing Reference to the Conceptual Framework. This updated a reference in IFRS 3 and made further amendments to avoid unintended consequences of updating the reference.",
IFRS 3,"=""May-2010""",Improvements to IFRSs,Minor consequential amendment to IFRS 3
IFRS 3,"=""May-2011""",IFRS 10 Consolidated Financial Statements,Minor consequential amendment to IFRS 3
IFRS 3,"=""May-2011""",IFRS 13 Fair Value Measurement,Minor consequential amendment to IFRS 3
IFRS 3,"=""Oct-2012""","Investment Entities (Amendments to IFRS 10, IFRS 12 and IAS 27)",Minor consequential amendment to IFRS 3
IFRS 3,"=""Nov-2013""","IFRS 9 Financial Instruments (Hedge Accounting and amendments to IFRS 9, IFRS 7 and IAS 39)",Minor consequential amendment to IFRS 3
IFRS 3,"=""Dec-2013""",Annual Improvements to IFRSs 2010-2012 Cycle,Minor consequential amendment to IFRS 3
IFRS 3,"=""Dec-2013""",Annual Improvements to IFRSs 2011-2013 Cycle,Minor consequential amendment to IFRS 3
IFRS 3,"=""May-2014""",IFRS 15 Revenue from Contracts with Customers,Minor consequential amendment to IFRS 3
IFRS 3,"=""Jul-2014""",IFRS 9 Financial Instruments,Minor consequential amendment to IFRS 3
IFRS 3,"=""Jan-2016""",IFRS 16 Leases,Minor consequential amendment to IFRS 3
IFRS 3,"=""May-2017""",IFRS 17 Insurance Contracts,Minor consequential amendment to IFRS 3
IFRS 3,"=""Dec-2017""",Annual Improvements to IFRS Standards 2015-2017 Cycle,Minor consequential amendment to IFRS 3
IFRS 3,"=""Mar-2018""",Amendments to References to the Conceptual Framework in IFRS Standards,Minor consequential amendment to IFRS 3
IFRS 3,"=""Jun-2020""",Amendments to IFRS 17 and IFRS 18 Presentation and Disclosure in Financial Statements,Minor consequential amendment to IFRS 3
IFRS 5,"=""Apr-2001""","In April 2001 the International Accounting Standards Board (Board) adopted IAS 35 Discontinuing Operations, which had originally been issued by the International Accounting Standards Committee in June 1998.",
IFRS 5,"=""Mar-2004""",In March 2004 the Board issued IFRS 5 Non-current Assets Held for Sale and Discontinued Operations to replace IAS 35.,
IFRS 5,"=""Apr-2009""",Improvement to IFRSs,Minor consequential amendment to IFRS 5
IFRS 5,"=""May-2011""",IFRS 11 Joint Arrangements,Minor consequential amendment to IFRS 5
IFRS 5,"=""May-2011""",IFRS 13 Fair Value Measurement,Minor consequential amendment to IFRS 5
IFRS 5,"=""Jun-2011""",Presentation of Items of Other Comprehensive Income (Amendments to IAS 1),Minor consequential amendment to IFRS 5
IFRS 5,"=""Nov-2013""","IFRS 9 Financial Instruments (Hedge Accounting and amendments to IFRS 9, IFRS 7 and IAS 39)",Minor consequential amendment to IFRS 5
IFRS 5,"=""Jul-2014""",IFRS 9 Financial Instruments,Minor consequential amendment to IFRS 5
IFRS 5,"=""Sep-2014""",Annual Improvements to IFRSs 2012-2014 Cycle,Minor consequential amendment to IFRS 5
IFRS 5,"=""Jan-2016""",IFRS 16 Leases,Minor consequential amendment to IFRS 5
IFRS 5,"=""May-2017""",IFRS 17 Insurance Contracts,Minor consequential amendment to IFRS 5
IFRS 5,"=""Mar-2018""",Amendments to References to the Conceptual Framework in IFRS Standards,Minor consequential amendment to IFRS 5
IFRS 5,"=""Apr-2024""",IFRS 18 Presentation and Disclosure in Financial Statements and IFRS 19 Subsidiaries without Public Accountability: Disclosures,Minor consequential amendment to IFRS 5
IFRS 6,"=""Dec-2004""",In December 2004 the International Accounting Standards Board issued IFRS 6 Exploration for and Evaluation of Mineral Resources.,
IFRS 6,"=""Mar-2018""",Amendments to References to the Conceptual Framework in IFRS Standards and IFRS 18 Presentation and Disclosure in Financial Statements,Minor consequential amendment to IFRS 6
IFRS 7,"=""Apr-2001""","In April 2001 the International Accounting Standards Board (Board) adopted IAS 30 Disclosures in the Financial Statements of Banks and Similar Financial Institutions, which had originally been issued by the International Accounting Standards Committee in August 1990.",
IFRS 7,"=""Aug-2005""","In August 2005 the Board issued IFRS 7 Financial Instruments, which replaced IAS 30 and carried forward the disclosure requirements in IAS 32 Financial Instruments: Disclosure and Presentation. IAS 32 was subsequently renamed as IAS 32 Financial Instruments: Presentation.",
IFRS 7,"=""2007""","IAS 1 Presentation of Financial Statements (as revised in 2007) amended the terminology used throughout IFRS, including IFRS 7.",
IFRS 7,"=""Mar-2009""","In March 2009 the IASB enhanced the disclosures about fair value and liquidity risks in IFRS 7. The Board also amended IFRS 7 to reflect that a new financial instruments Standard was issued-IFRS 9 Financial Instruments, which related to the classification of financial assets and financial liabilities.",
IFRS 7,"=""Oct-2010""",IFRS 7 was also amended in October 2010 to require entities to supplement disclosures for all transferred financial assets that are not derecognised where there has been some continuing involvement in a transferred asset.,
IFRS 7,"=""Dec-2011""",The Board amended IFRS 7 in December 2011 to improve disclosures in netting arrangements associated with financial assets and financial liabilities.,
IFRS 7,"=""May-2017""","In May 2017 when IFRS 17 Insurance Contracts was issued, it added disclosure requirements for when an entity applies an exemption for specified treasury shares or for an entity’s own repurchased financial liabilities in specific circumstances.",
IFRS 7,"=""Sep-2019""",In September 2019 the Board amended IFRS 9 and IAS 39 by issuing Interest Rate Benchmark Reform to provide specific exceptions to hedge accounting requirements in IFRS 9 and IAS 39 for (a) highly probable requirement; (b) prospective assessments; (c) retrospective assessment (IAS 39 only); and (d) separately identifiable risk components. Interest Rate Benchmark Reform also amended IFRS 7 to add specific disclosure requirements for hedging relationships to which an entity applies the exceptions in IFRS 9 or IAS 39.,
IFRS 7,"=""Aug-2020""","In August 2020 the Board issued Interest Rate Benchmark Reform-Phase 2 which amended requirements in IFRS 9, IAS 39, IFRS 7, IFRS 4 and IFRS 16 relating to: changes in the basis for determining contractual cash flows of financial assets, financial liabilities and lease liabilities; hedge accounting; and disclosures. The Phase 2 amendments apply only to changes required by the interest rate benchmark reform to financial instruments and hedging relationships.",
IFRS 7,"=""Apr-2024""",In April 2024 the Board issued IFRS 18 Presentation and Disclosure in Financial Statements and carried over from IAS 1 to IFRS 7 disclosure requirements on puttable financial instruments classified as equity instruments in accordance with IAS 32 and disclosure requirements for financial instruments reclassified between financial liabilities and equity.,
IFRS 7,"=""May-2024""","In May 2024, the Board issued Amendments to the Classification and Measurement of Financial Instruments which amended requirements in IFRS 9 and IFRS 7 relating to: financial liabilities settled using an electronic payment system; the assessment of the contractual cash flow characteristics of financial assets; and disclosures.",
IFRS 7,"=""Dec-2024""",In December 2024 the Board issued Contracts Referencing Nature-dependent Electricity to require an entity to provide additional disclosures about its contracts referencing nature-dependent electricity.,
IFRS 7,"=""Jan-2010""",Limited Exemption from Comparative IFRS 7 Disclosures for First-time Adopters (Amendments to IFRS 1),Minor consequential amendment to IFRS 7
IFRS 7,"=""May-2010""",Improvements to IFRSs,Minor consequential amendment to IFRS 7
IFRS 7,"=""May-2011""",IFRS 10 Consolidated Financial Statements,Minor consequential amendment to IFRS 7
IFRS 7,"=""May-2011""",IFRS 11 Joint Arrangements,Minor consequential amendment to IFRS 7
IFRS 7,"=""May-2011""",IFRS 13 Fair Value Measurement,Minor consequential amendment to IFRS 7
IFRS 7,"=""Jun-2011""",Presentation of Items of Other Comprehensive Income (Amendments to IAS 1),Minor consequential amendment to IFRS 7
IFRS 7,"=""2009""",Mandatory Effective Date and Transition Disclosures (Amendments to IFRS 9 (2009),Minor consequential amendment to IFRS 7
IFRS 7,"=""Dec-2011""",IFRS 9 (2010) and IFRS 7),Minor consequential amendment to IFRS 7
IFRS 7,"=""Oct-2012""","Investment Entities (Amendments to IFRS 10, IFRS 12 and IAS 27)",Minor consequential amendment to IFRS 7
IFRS 7,"=""Nov-2013""","IFRS 9 Financial Instruments (Hedge Accounting and amendments to IFRS 9, IFRS 7 and IAS 39)",Minor consequential amendment to IFRS 7
IFRS 7,"=""Sep-2014""",Annual Improvements to IFRSs 2012-2014 Cycle,Minor consequential amendment to IFRS 7
IFRS 7,"=""Dec-2014""",Disclosure Initiative (Amendments to IAS 1),Minor consequential amendment to IFRS 7
IFRS 7,"=""Jan-2016""",IFRS 16 Leases,Minor consequential amendment to IFRS 7
IFRS 7,"=""Dec-2016""",Annual Improvements to IFRS Standards 2014-2016 Cycle and Amendments to IFRS 17,Minor consequential amendment to IFRS 7
IFRS 7,"=""Feb-2021""",Disclosure of Accounting Policies,Minor consequential amendment to IFRS 7
IFRS 7,"=""May-2023""",Supplier Finance Arrangements (Amendments to IAS 7 and IFRS 7) and Annual Improvements to IFRS Accounting Standards-Volume 11,Minor consequential amendment to IFRS 7
IFRS 8,"=""Apr-2001""","In April 2001 the International Accounting Standards Board (Board) adopted IAS 14 Segment Reporting, which had originally been issued by the International Accounting Standards Committee in August 1997.",
IFRS 8,"=""Aug-1981""","IAS 14 Segment Reporting replaced IAS 14 Reporting Financial Information by Segment, issued in August 1981.",
IFRS 8,"=""Nov-2006""",In November 2006 the Board issued IFRS 8 Operating Segments to replace IAS 14.,
IFRS 8,"=""2007""","IAS 1 Presentation of Financial Statements (as revised in 2007) amended the terminology used throughout the Standards, including IFRS 8.",
IFRS 8,"=""Jun-2011""",IAS 19 Employee Benefits,Minor consequential amendment to IFRS 8
IFRS 8,"=""Dec-2013""",Annual Improvements to IFRSs 2010-2012 Cycle and Amendments to References to the Conceptual Framework in IFRS Standards,Minor consequential amendment to IFRS 8
IFRS 8,"=""Feb-2021""",Disclosure of Accounting Policies and IFRS 18 Presentation and Disclosure in Financial Statements,Minor consequential amendment to IFRS 8
IFRS 9,"=""Apr-2001""","In April 2001 the International Accounting Standards Board (Board) adopted IAS 39 Financial Instruments: Recognition and Measurement, which had originally been issued by the International Accounting Standards Committee in March 1999. The Board had always intended that IFRS 9 Financial Instruments would replace IAS 39 in its entirety. However, in response to requests from interested parties that the accounting for financial instruments should be improved quickly, the Board divided its project to replace IAS 39 into three main phases. As the Board completed each phase, it issued chapters in IFRS 9 that replaced the corresponding requirements in IAS 39.",
IFRS 9,"=""Nov-2009""",In November 2009 the Board issued the chapters of IFRS 9 relating to the classification and measurement of financial assets.,
IFRS 9,"=""Oct-2010""",In October 2010 the Board added the requirements related to the classification and measurement of financial liabilities to IFRS 9. This includes requirements on embedded derivatives and how to account for changes in own credit risk on financial liabilities designated under the fair value option.,
IFRS 9,"=""Oct-2010""",In October 2010 the Board also decided to carry forward unchanged from IAS 39 the requirements related to the derecognition of financial assets and financial liabilities.,
IFRS 9,"=""Oct-2010""","Because of these changes, in October 2010 the Board restructured IFRS 9 and its Basis for Conclusions.",
IFRS 9,"=""Dec-2011""",In December 2011 the Board deferred the mandatory effective date of IFRS 9.,
IFRS 9,"=""Nov-2013""","In November 2013 the Board added a Hedge Accounting chapter. IFRS 9 permits an entity to choose as its accounting policy either to apply the hedge accounting requirements of IFRS 9 or to continue to apply the hedge accounting requirements in IAS 39. Consequently, although IFRS 9 is effective (with limited exceptions for entities that issue insurance contracts and entities applying the IFRS for SMEs Standard), IAS 39, which now contains only its requirements for hedge accounting, also remains effective.",
IFRS 9,"=""Jul-2014""",In July 2014 the Board issued the completed version of IFRS 9. The Board made limited amendments to the classification and measurement requirements for financial assets by addressing a narrow range of application questions and by introducing a ‘fair value through other comprehensive income’ measurement category for particular simple debt instruments. The Board also added the impairment requirements relating to the accounting for an entity’s expected credit losses on its financial assets and commitments to extend credit. A new mandatory effective date was also set.,
IFRS 9,"=""May-2017""","In May 2017 when IFRS 17 Insurance Contracts was issued, it amended the derecognition requirements in IFRS 9 by permitting an exemption for when an entity repurchases its financial liability in specific circumstances.",
IFRS 9,"=""Oct-2017""",In October 2017 IFRS 9 was amended by Prepayment Features with Negative Compensation (Amendments to IFRS 9). The amendments specify that particular financial assets with prepayment features that may result in reasonable negative compensation for the early termination of such contracts are eligible to be measured at amortised cost or at fair value through other comprehensive income.,
IFRS 9,"=""Sep-2019""",In September 2019 the Board amended IFRS 9 and IAS 39 by issuing Interest Rate Benchmark Reform to provide specific exceptions to hedge accounting requirements in IFRS 9 and IAS 39 for (a) highly probable requirement; (b) prospective assessments; (c) retrospective assessment (IAS 39 only); and (d) separately identifiable risk components. Interest Rate Benchmark Reform also amended IFRS 7 to add specific disclosure requirements for hedging relationships to which an entity applies the exceptions in IFRS 9 or IAS 39.,
IFRS 9,"=""Aug-2020""","In August 2020 the Board issued Interest Rate Benchmark Reform-Phase 2 which amended requirements in IFRS 9, IAS 39, IFRS 7, IFRS 4 and IFRS 16 relating to: changes in the basis for determining contractual cash flows of financial assets, financial liabilities and lease liabilities; hedge accounting; and disclosures. The Phase 2 amendments apply only to changes required by the interest rate benchmark reform to financial instruments and hedging relationships.",
IFRS 9,"=""May-2024""","In May 2024, the Board issued Amendments to the Classification and Measurement of Financial Instruments which amended requirements in IFRS 9 and IFRS 7 relating to: financial liabilities settled using an electronic payment system; the assessment of the contractual cash flow characteristics of financial assets; and disclosures.",
IFRS 9,"=""Dec-2024""",In December 2024 the Board issued Contracts Referencing Nature-dependent Electricity. The amendments: adds application guidance to help entities assess whether a contract to buy electricity generated from a source dependent on natural conditions is held in accordance with the entity’s own-use requirements; and permits an entity to designate as the hedged item a variable nominal amount of forecast electricity transactions that is aligned with the variable amount of naturedependent electricity expected to be delivered by the generation facility as referenced in the contract referencing nature-dependent electricity that is used as the hedging instrument.,
IFRS 9,"=""Dec-2010""",Severe Hyperinflation and Removal of Fixed Dates for First-time Adopters (Amendments to IFRS 1),Minor consequential amendment to IFRS 9
IFRS 9,"=""May-2011""",IFRS 10 Consolidated Financial Statements,Minor consequential amendment to IFRS 9
IFRS 9,"=""May-2011""",IFRS 11 Joint Arrangements,Minor consequential amendment to IFRS 9
IFRS 9,"=""May-2011""",IFRS 13 Fair Value Measurement,Minor consequential amendment to IFRS 9
IFRS 9,"=""Jun-2011""",IAS 19 Employee Benefits,Minor consequential amendment to IFRS 9
IFRS 9,"=""Dec-2013""",Annual Improvements to IFRSs 2010-2012 Cycle,Minor consequential amendment to IFRS 9
IFRS 9,"=""May-2014""",IFRS 15 Revenue from Contracts with Customers,Minor consequential amendment to IFRS 9
IFRS 9,"=""Jan-2016""",IFRS 16 Leases,Minor consequential amendment to IFRS 9
IFRS 9,"=""Mar-2018""",Amendments to References to the Conceptual Framework in IFRS Standards,Minor consequential amendment to IFRS 9
IFRS 9,"=""May-2020""",Annual Improvements to IFRS Standards 2018-2020,Minor consequential amendment to IFRS 9
IFRS 9,"=""Jun-2020""",Amendments to IFRS 17,Minor consequential amendment to IFRS 9
IFRS 9,"=""Jul-2024""",Annual Improvements to IFRS Accounting Standards-Volume 11 and IFRS 18 Presentation and Disclosure in Financial Statements,Minor consequential amendment to IFRS 9
IFRS 10,"=""Apr-2001""","In April 2001 the International Accounting Standards Board (Board) adopted IAS 27 Consolidated Financial Statements and Accounting for Investments in Subsidiaries, which had originally been issued by the International Accounting Standards Committee in April 1989.",
IFRS 10,"=""Jun-1976""",IAS 27 replaced most of IAS 3 Consolidated Financial Statements (issued in June 1976).,
IFRS 10,"=""Dec-2003""","In December 2003, the Board amended and renamed IAS 27 with a new title-Consolidated and Separate Financial Statements. The amended IAS 27 also incorporated the guidance contained in two related Interpretations (SIC-12 Consolidation-Special Purpose Entities and SIC-33 Consolidation and Equity Method-Potential Voting Rights and Allocation of Ownership Interests).",
IFRS 10,"=""May-2011""",In May 2011 the Board issued IFRS 10 Consolidated Financial Statements to supersede IAS 27.,
IFRS 10,"=""May-2011""","IFRS 12 Disclosure of Interests in Other Entities, also issued in May 2011, replaced the disclosure requirements in IAS 27. IFRS 10 incorporates the guidance contained in two related Interpretations (SIC-12 Consolidation-Special Purpose Entities and SIC-33 Consolidation).",
IFRS 10,"=""Jun-2012""","In June 2012 IFRS 10 was amended by Consolidated Financial Statements, Joint Arrangements and Disclosure of Interests in Other Entities: Transition Guidance (Amendments to IFRS 10, IFRS 11 and IFRS 12). These amendments clarified the transition guidance in IFRS 10. Furthermore, these amendments provided additional transition relief in IFRS 10, limiting the requirement to present adjusted comparative information to only the annual period immediately preceding the first annual period for which IFRS 10 is applied.",
IFRS 10,"=""Oct-2012""","In October 2012 IFRS 10 was amended by Investment Entities (Amendments to IFRS 10, IFRS 12 and IAS 27), which defined an investment entity and introduced an exception to consolidating particular subsidiaries for investment entities. It also introduced the requirement that an investment entity measures those subsidiaries at fair value through profit or loss in accordance with IFRS 9 Financial Instruments in its consolidated and separate financial statements. In addition, the amendments introduced new disclosure requirements for investment entities in IFRS 12 and IAS 27.",
IFRS 10,"=""Sep-2014""","In September 2014 IFRS 10 was amended by Sale or Contribution of Assets between an Investor and its Associate or Joint Venture (Amendments to IFRS 10 and IAS 28), which addressed the conflicting accounting requirements for the sale or contribution of assets to a joint venture or associate.",
IFRS 10,"=""Dec-2015""",In December 2015 the mandatory effective date of this amendment was indefinitely deferred by Effective Date of Amendments to IFRS 10 and IAS 28.,
IFRS 10,"=""Dec-2014""","In December 2014 IFRS 10 was amended by Investment Entities: Applying the Consolidation Exception (Amendments to IFRS 10, IFRS 12 and IAS 28). These amendments clarified which subsidiaries of an investment entity should be consolidated instead of being measured at fair value through profit or loss. The amendments also clarified that the exemption from presenting consolidated financial statements continues to apply to subsidiaries of an investment entity that are themselves parent entities. This is so even if that subsidiary is measured at fair value through profit or loss by the higher level investment entity parent.",
IFRS 10,"=""Dec-2016""",Annual Improvements to IFRS Standards 2014-2016 Cycle and Amendments to References to the Conceptual Framework in IFRS Standards and Annual Improvements to IFRS Accounting Standards-Volume 11,Minor consequential amendment to IFRS 10
IFRS 11,"=""Apr-2001""","In April 2001 the International Accounting Standards Board (Board) adopted IAS 31 Financial Reporting of Interests in Joint Ventures, which had originally been issued by the International Accounting Standards Committee in December 1990.",
IFRS 11,"=""Dec-2003""",In December 2003 the Board amended and renamed IAS 31 with a new title-Interests in Joint Ventures. This amendment was done in conjunction with amendments to IAS 27 Consolidated Financial Statements and Accounting for Investments in Subsidiaries and IAS 28 Accounting for Investments in Associates.,
IFRS 11,"=""May-2011""",In May 2011 the Board issued IFRS 11 Joint Arrangements to replace IAS 31.,
IFRS 11,"=""May-2011""","IFRS 12 Disclosure of Interests in Other Entities, also issued in May 2011, replaced the disclosure requirements in IAS 31. IFRS 11 incorporated the guidance contained in a related Interpretation (SIC-13 Jointly Controlled Entities-Non-Monetary Contributions by Venturers).",
IFRS 11,"=""Jun-2012""","In June 2012 IFRS 11 was amended by Consolidated Financial Statements, Joint Arrangements and Disclosure of Interests in Other Entities: Transition Guidance (Amendments to IFRS 10, IFRS 11 and IFRS 12). These amendments provided additional transition relief to IFRS 11, limiting the requirement to present adjusted comparative information to only the annual period immediately preceding the first annual period for which IFRS 11 is applied.",
IFRS 11,"=""May-2014""",In May 2014 the Board amended IFRS 11 to provide guidance on the accounting for acquisitions of interests in joint operations in which the activity constitutes a business.,
IFRS 11,"=""Dec-2017""",Annual Improvements to IFRS Standards 2015-2017 Cycle,Minor consequential amendment to IFRS 11
IFRS 12,"=""May-2011""","In May 2011 the International Accounting Standards Board issued IFRS 12 Disclosure of Interests in Other Entities. IFRS 12 replaced the disclosure requirements in IAS 27 Consolidated and Separate Financial Statements, IAS 28 Investments in Associates and IAS 31 Interests in Joint Ventures.",
IFRS 12,"=""Jun-2012""","In June 2012 IFRS 12 was amended by Consolidated Financial Statements, Joint Arrangements and Disclosure of Interests in Other Entities: Transition Guidance (Amendments to IFRS 10, IFRS 11 and IFRS 12). These amendments provided additional transition relief in IFRS 12, limiting the requirement to present adjusted comparative information to only the annual period immediately preceding the first annual period for which IFRS 12 is applied. Furthermore, for disclosures related to unconsolidated structured entities, the amendments removed the requirement to present comparative information for periods before IFRS 12 is first applied.",
IFRS 12,"=""Oct-2012""","In October 2012 Investment Entities (Amendments to IFRS 10, IFRS 12 and IAS 27) introduced new disclosure requirements for investment entities that, in accordance with IFRS 10 Consolidated Financial Statements, measure their subsidiaries at fair value through profit or loss instead of consolidating them.",
IFRS 12,"=""Dec-2014""","Investment Entities: Applying the Consolidation Exception (Amendments to IFRS 10, IFRS 12 and IAS 28)",Minor consequential amendment to IFRS 12
IFRS 12,"=""Dec-2016""",Annual Improvements to IFRS® Standards 2014-2016 Cycle,Minor consequential amendment to IFRS 12
IFRS 12,"=""Mar-2018""",Amendments to References to the Conceptual Framework in IFRS Standards and IFRS 18 Presentation and Disclosure in Financial Statements,Minor consequential amendment to IFRS 12
IFRS 13,"=""May-2011""",In May 2011 the International Accounting Standards Board issued IFRS 13 Fair Value Measurement. IFRS 13 defines fair value and replaces the requirement contained in individual Standards.,
IFRS 13,"=""Jun-2011""",IAS 19 Employee Benefits,Minor consequential amendment to IFRS 13
IFRS 13,"=""Dec-2013""",Annual Improvements to IFRSs 2011-2013 Cycle,Minor consequential amendment to IFRS 13
IFRS 13,"=""Jul-2014""",IFRS 9 Financial Instruments,Minor consequential amendment to IFRS 13
IFRS 13,"=""Jan-2016""",IFRS 16 Leases,Minor consequential amendment to IFRS 13
IFRS 13,"=""Apr-2024""",IFRS 18 Presentation and Disclosure in Financial Statements and IFRS 19 Subsidiaries without Public Accountability: Disclosures,Minor consequential amendment to IFRS 13
IFRS 14,"=""Jan-2014""",In January 2014 the International Accounting Standards Board issued IFRS 14 Regulatory Deferral Accounts. IFRS 14 permits a first-time adopter of IFRS Standards that is within its scope to continue to recognise and measure its regulatory deferral account balances in its first and subsequent IFRS financial statements in accordance with its previous GAAP.,
IFRS 14,"=""May-2017""",IFRS 17 Insurance Contracts,Minor consequential amendment to IFRS 14
IFRS 14,"=""Mar-2018""",Amendments to References to the Conceptual Framework in IFRS Standards and IFRS 18 Presentation and Disclosure in Financial Statements,Minor consequential amendment to IFRS 14
IFRS 15,"=""Apr-2001""","In April 2001 the International Accounting Standards Board (Board) adopted IAS 11 Construction Contracts and IAS 18 Revenue, both of which had originally been issued by the International Accounting Standards Committee (IASC) in December 1993.",
IFRS 15,"=""Dec-1982""",IAS 18 replaced a previous version: Revenue Recognition (issued in December 1982).,
IFRS 15,"=""Mar-1979""",IAS 11 replaced parts of IAS 11 Accounting for Construction Contracts (issued in March 1979).,
IFRS 15,"=""Dec-2001""",In December 2001 the Board issued SIC-31 Revenue-Barter Transactions Involving Advertising Services. The Interpretation was originally developed by the Standards Interpretations Committee of the IASC to determine the circumstances in which a seller of advertising services can reliably measure revenue at the fair value of advertising services provided in a barter transaction.,
IFRS 15,"=""Jun-2007""",In June 2007 the Board issued IFRIC 13 Customer Loyalty Programmes. The Interpretation was developed by the IFRS Interpretations Committee (the ‘Interpretations Committee’) to address the accounting by the entity that grants award credits to its customers.,
IFRS 15,"=""Jul-2008""",In July 2008 the Board issued IFRIC 15 Agreements for the Construction of Real Estate. The Interpretation was developed by the Interpretations Committee to apply to the accounting for revenue and associated expenses by entities that undertake the construction of real estate directly or through subcontractors.,
IFRS 15,"=""Jan-2009""","In January 2009 the Board issued IFRIC 18 Transfers of Assets from Customers. The Interpretation was developed by the Interpretations Committee to apply to the accounting for transfers of items of property, plant and equipment by entities that receive such transfers from their customers.",
IFRS 15,"=""May-2014""","In May 2014 the Board issued IFRS 15 Revenue from Contracts with Customers, together with the introduction of Topic 606 into the Financial Accounting Standards Board’s Accounting Standards Codification®. IFRS 15 replaces IAS 11, IAS 18, IFRIC 13, IFRIC 15, IFRIC 18 and SIC-31. IFRS 15 provides a comprehensive framework for recognising revenue from contracts with customers.",
IFRS 15,"=""Sep-2015""",In September 2015 the Board issued Effective Date of IFRS 15 which deferred the mandatory effective date of IFRS 15 to 1 January 2018.,
IFRS 15,"=""Apr-2016""",In April 2016 the Board issued Clarifications to IFRS 15 Revenue from Contracts with Customers clarifying the Board’s intentions when developing some of the requirements in IFRS 15. These amendments do not change the underlying principles of IFRS 15 but clarify how those principles should be applied and provide additional transitional relief.,
IFRS 15,"=""May-2017""","In May 2017, the Board issued IFRS 17 Insurance Contracts which permits an entity to choose whether to apply IFRS 17 or IFRS 15 to specified fixed-fee service contracts that meet the definition of an insurance contract.",
IFRS 15,"=""Jan-2016""",IFRS 16 Leases,Minor consequential amendment to IFRS 15
IFRS 15,"=""Mar-2018""",Amendments to References to the Conceptual Framework in IFRS Standards and IFRS 18 Presentation and Disclosure in Financial Statements,Minor consequential amendment to IFRS 15
IFRS 16,"=""Apr-2001""","In April 2001 the International Accounting Standards Board (Board) adopted IAS 17 Leases, which had originally been issued by the International Accounting Standards Committee (IASC) in December 1997.",
IFRS 16,"=""Sep-1982""",IAS 17 Leases replaced IAS 17 Accounting for Leases that was issued in September 1982.,
IFRS 16,"=""Apr-2001""","In April 2001 the Board adopted SIC-15 Operating Leases-Incentives, which had originally been issued by the Standing Interpretations Committee of the IASC in December 1998.",
IFRS 16,"=""Dec-2001""","In December 2001 the Board issued SIC-27 Evaluating the Substance of Transactions Involving the Legal Form of a Lease. SIC-27 had originally been developed by the Standing Interpretations Committee of the IASC to provide guidance on determining, amongst other things, whether an arrangement that involves the legal form of a lease meets the definition of a lease under IAS 17.",
IFRS 16,"=""Dec-2003""",In December 2003 the Board issued a revised IAS 17 as part of its initial agenda of technical projects.,
IFRS 16,"=""Dec-2004""","In December 2004 the Board issued IFRIC 4 Determining whether an Arrangement contains a Lease. The Interpretation was developed by the Interpretations Committee to provide guidance on determining whether transactions that do not take the legal form of a lease but convey the right to use an asset in return for a payment or series of payments are, or contain, leases that should be accounted for in accordance with IAS 17.",
IFRS 16,"=""Jan-2016""","In January 2016 the Board issued IFRS 16 Leases. IFRS 16 replaces IAS 17, IFRIC 4, SIC-15 and SIC-27. IFRS 16 sets out the principles for the recognition, measurement, presentation and disclosure of leases.",
IFRS 16,"=""May-2020""","In May 2020 the Board issued Covid-19-Related Rent Concessions, which amended IFRS 16. The amendment permits lessees, as a practical expedient, not to assess whether rent concessions that occur as a direct consequence of the covid-19 pandemic and meet specified conditions are lease modifications. Instead, the lessee accounts for those rent concessions as if they were not lease modifications.",
IFRS 16,"=""Aug-2020""","In August 2020 the Board issued Interest Rate Benchmark Reform-Phase 2 which amended requirements in IFRS 9, IAS 39, IFRS 7, IFRS 4 and IFRS 16 relating to: changes in the basis for determining contractual cash flows of financial assets, financial liabilities and lease liabilities; hedge accounting; and disclosures. The Phase 2 amendments apply only to changes required by the interest rate benchmark reform to financial instruments and hedging relationships.",
IFRS 16,"=""Sep-2022""","In September 2022, the Board issued Lease Liability in a Sale and Leaseback, which added subsequent measurement requirements for sale and leaseback transactions.",
IFRS 16,"=""Mar-2018""",Amendments to References to the Conceptual Framework in IFRS Standards and IFRS 18 Presentation and Disclosure in Financial Statements,Minor consequential amendment to IFRS 16
IFRS 17,"=""Mar-2004""","In March 2004 the International Accounting Standards Board (Board) issued IFRS 4 Insurance Contracts. IFRS 4 was an interim standard which was meant to be in place until the Board completed its project on insurance contracts. IFRS 4 permitted entities to use a wide variety of accounting practices for insurance contracts, reflecting national accounting requirements and variations of those requirements, subject to limited improvements and specified disclosures.",
IFRS 17,"=""May-2017""","In May 2017, the Board completed its project on insurance contracts with the issuance of IFRS 17 Insurance Contracts. IFRS 17 replaces IFRS 4 and sets out principles for the recognition, measurement, presentation and disclosure of insurance contracts within the scope of IFRS 17.",
IFRS 17,"=""Jun-2020""","In June 2020, the Board issued Amendments to IFRS 17. The objective of the amendments is to assist entities implementing the Standard, while not unduly disrupting implementation or diminishing the usefulness of the information provided by applying IFRS 17.",
IFRS 17,"=""Mar-2018""",Amendments to References to the Conceptual Framework in IFRS Standards,Minor consequential amendment to IFRS 17
IFRS 17,"=""Oct-2018""",Definition of Material (Amendments to IAS 1 and IAS 8),Minor consequential amendment to IFRS 17
IFRS 17,"=""Apr-2024""",IFRS 18 Presentation and Disclosure in Financial Statements and IFRS 19 Subsidiaries without Public Accountability: Disclosures,Minor consequential amendment to IFRS 17
IFRS 18,"=""Apr-2001""","In April 2001 the International Accounting Standards Board (IASB) adopted IAS 1 Presentation of Financial Statements, which had originally been issued by the International Accounting Standards Committee in September 1997.",
IFRS 18,"=""1975""","IAS 1 replaced IAS 1 Disclosure of Accounting Policies (issued in 1975), IAS 5 Information to be Disclosed in Financial Statements (originally approved in 1977) and IAS 13 Presentation of Current Assets and Current Liabilities (approved in 1979).",
IFRS 18,"=""Dec-2003""",In December 2003 the IASB issued a revised IAS 1 as part of its initial agenda of technical projects.,
IFRS 18,"=""Sep-2007""","The IASB issued an amended IAS 1 in September 2007, which included an amendment to the presentation of owner changes in equity and comprehensive income and a change in terminology in the titles of financial statements.",
IFRS 18,"=""Jun-2011""",In June 2011 the IASB amended IAS 1 to improve how items of other comprehensive income should be presented.,
IFRS 18,"=""Dec-2014""","In December 2014 IAS 1 was amended by Disclosure Initiative (Amendments to IAS 1), which addressed concerns expressed about some of the existing presentation and disclosure requirements in IAS 1 and ensured that entities are able to use judgement when applying some of the existing requirements for presentation and disclosure and clarified the requirements in paragraph 82A of IAS 1 which are included in paragraphs 88-89 of IFRS 18.",
IFRS 18,"=""Oct-2018""",In October 2018 the IASB issued Definition of Material (Amendments to IAS 1 and IAS 8). This amendment clarified the definition of material and how it should be applied by (a) including in the definition guidance that until now has featured elsewhere in IFRS Accounting Standards; (b) improving the explanations accompanying the definition; and (c) ensuring that the definition of material is consistent across all IFRS Accounting Standards. This amendment is included in Appendix A and paragraphs B1-B5 of IFRS 18.,
IFRS 18,"=""Jan-2020""","In January 2020 the IASB issued Classification of Liabilities as Current or Non-current (Amendments to IAS 1). This clarified the criterion in IAS 1 for classifying a liability as non-current: the requirement for an entity to have the right to defer settlement of the liability for at least twelve months after the reporting period. These amendments are included in paragraphs 101, B99, B101, B102, B104, B105, B107 and B108 of IFRS 18.",
IFRS 18,"=""Jul-2020""",In July 2020 the IASB issued Classification of Liabilities as Current or Non-current-Deferral of Effective Date which deferred the mandatory effective date of amendments to IAS 1 Classification of Liabilities as Current or Non-current to annual reporting periods beginning on or after 1 January 2023.,
IFRS 18,"=""Feb-2021""",In February 2021 the IASB issued Disclosure of Accounting Policies which amended IAS 1 and IFRS Practice Statement 2 Making Materiality Judgements. The amendment amended IAS 1 to replace the requirement for entities to disclose their significant accounting policies with the requirement to disclose their material accounting policy information. The amendments are included in paragraph B112 of IFRS 18 and paragraphs 27A-27G in IAS 8 Basis of Preparation of Financial Statements.,
IFRS 18,"=""Oct-2022""","In October 2022, the IASB issued Non-current Liabilities with Covenants. The amendments improved the information an entity provides when its right to defer settlement of a liability for at least twelve months is subject to compliance with covenants. The amendments also responded to stakeholders’ concerns about the classification of such a liability as current or non-current. These amendments are included in paragraphs B99, B100, B102 and B106 of IFRS 18.",
IFRS 18,"=""Apr-2024""","In April 2024, the IASB issued IFRS 18 Presentation and Disclosure in Financial Statements. IFRS 18 sets out overall requirements for the presentation and disclosure in financial statements. The IASB did not reconsider all aspects of IAS 1 when developing IFRS 18, but instead focused on the statement of profit or loss. The IASB retained some paragraphs from IAS 1 in IFRS 18 and moved some paragraphs from IAS 1 to IAS 8 and IFRS 7 Financial Instruments: Disclosures.",
IFRS 18,"=""May-2024""",IFRS 19 Subsidiaries without Public Accountability: Disclosures,Minor consequential amendment to IFRS 18
IFRS 19,"=""May-2024""","In May 2024, the International Accounting Standards Board issued IFRS 19 Subsidiaries without Public Accountability: Disclosures. IFRS 19 permits some subsidiaries to apply IFRS Accounting Standards with reduced disclosure requirements. These entities apply the requirements in other IFRS Accounting Standards except for the disclosure requirements. Instead, these entities apply the requirements in IFRS 19.",
IFRS 19,"=""May-2024""",Amendments to the Classification and Measurement of Financial Instruments and Contracts Referencing Nature-dependent Electricity,Minor consequential amendment to IFRS 19
IFRIC 1,"=""May-2004""","In May 2004 the International Accounting Standards Board issued IFRIC 1 Changes in Existing Decommissioning, Restoration and Similar Liabilities. It was developed by the Interpretations Committee.",
IFRIC 1,"=""Jan-2016""",IFRS 16 Leases and IFRS 18 Presentation and Disclosure in Financial Statements,Minor consequential amendment to IFRIC 1
IFRIC 2,"=""Nov-2004""",In November 2004 the International Accounting Standards Board issued IFRIC 2 Members’ Shares in Co-operative Entities and Similar Instruments. It was developed by the Interpretations Committee.,
IFRIC 2,"=""May-2012""",Annual Improvements to IFRSs 2009-2011 Cycle,Minor consequential amendment to IFRIC 2
IFRIC 2,"=""May-2011""",IFRS 13 Fair Value Measurement,Minor consequential amendment to IFRIC 2
IFRIC 2,"=""Nov-2013""","IFRS 9 Financial Instruments (Hedge Accounting and amendments to IFRS 9, IFRS 7 and IAS 39) and IFRS 9 Financial Instruments",Minor consequential amendment to IFRIC 2
IFRIC 5,"=""Dec-2004""","In December 2004 the International Accounting Standards Board issued IFRIC 5 Rights to Interests arising from Decommissioning, Restoration and Environmental Rehabilitation Funds. It was developed by the Interpretations Committee.",
IFRIC 5,"=""May-2011""",IFRS 10 Consolidated Financial Statements,Minor consequential amendment to IFRIC 5
IFRIC 5,"=""May-2011""",IFRS 11 Joint Arrangements,Minor consequential amendment to IFRIC 5
IFRIC 5,"=""Nov-2013""","IFRS 9 Financial Instruments (Hedge Accounting and amendments to IFRS 9, IFRS 7 and IAS 39)",Minor consequential amendment to IFRIC 5
IFRIC 5,"=""Jul-2014""",IFRS 9 Financial Instruments and Amendments to References to the Conceptual Framework in IFRS Standards,Minor consequential amendment to IFRIC 5
IFRIC 6,"=""Sep-2005""",In September 2005 the International Accounting Standards Board issued IFRIC 6 Liabilities arising from Participating in a Specific Market-Waste Electrical and Electronic Equipment. It was developed by the Interpretations Committee.,
IFRIC 7,"=""Nov-2005""",In November 2005 the International Accounting Standards Board issued IFRIC 7 Applying the Restatement Approach under IAS 29 Financial Reporting in Hyperinflationary Economies. It was developed by the Interpretations Committee.,
IFRIC 10,"=""Jul-2006""",In July 2006 the International Accounting Standards Board issued IFRIC 10 Interim Financial Reporting and Impairment. It was developed by the Interpretations Committee.,
IFRIC 10,"=""Nov-2013""","IFRS 9 Financial Instruments (Hedge Accounting and amendments to IFRS 9, IFRS 7 and IAS 39) and IFRS 9 Financial Instruments",Minor consequential amendment to IFRIC 10
IFRIC 12,"=""Nov-2006""",In November 2006 the International Accounting Standards Board issued IFRIC 12 Service Concession Arrangements. It was developed by the Interpretations Committee.,
IFRIC 12,"=""Nov-2013""","IFRS 9 Financial Instruments (Hedge Accounting and amendments to IFRS 9, IFRS 7 and IAS 39)",Minor consequential amendment to IFRIC 12
IFRIC 12,"=""May-2014""",IFRS 15 Revenue from Contracts with Customers,Minor consequential amendment to IFRIC 12
IFRIC 12,"=""Jul-2014""",IFRS 9 Financial Instruments,Minor consequential amendment to IFRIC 12
IFRIC 12,"=""Jan-2016""",IFRS 16 Leases and Amendments to References to the Conceptual Framework in IFRS Standards,Minor consequential amendment to IFRIC 12
IFRIC 14,"=""Jul-2007""","In July 2007 the International Accounting Standards Board issued IFRIC 14 IAS 19-The Limit on a Defined Benefit Asset, Minimum Funding Requirements and their Interaction. It was developed by the Interpretations Committee.",
IFRIC 14,"=""Nov-2009""",In November 2009 IFRIC 14 was amended to address prepayments of future minimum funding requirement contributions.,
IFRIC 14,"=""May-2011""",IFRS 13 Fair Value Measurement,Minor consequential amendment to IFRIC 14
IFRIC 14,"=""Jun-2011""",IAS 19 Employee Benefits,Minor consequential amendment to IFRIC 14
IFRIC 14,"=""Mar-2018""",Amendments to References to the Conceptual Framework in IFRS Standards,Minor consequential amendment to IFRIC 14
IFRIC 14,"=""Apr-2024""",IFRS 18 Presentation and Disclosure in Financial Statements and IFRS 19 Subsidiaries without Public Accountability: Disclosures,Minor consequential amendment to IFRIC 14
IFRIC 16,"=""Jul-2008""",In July 2008 the International Accounting Standards Board issued IFRIC 16 Hedges of a Net Investment in a Foreign Operation. It was developed by the Interpretations Committee.,
IFRIC 16,"=""May-2011""",IFRS 11 Joint Arrangements,Minor consequential amendment to IFRIC 16
IFRIC 16,"=""Nov-2013""","IFRS 9 Financial Instruments (Hedge Accounting and amendments to IFRS 9, IFRS 7 and IAS 39) and IFRS 9 Financial Instruments",Minor consequential amendment to IFRIC 16
IFRIC 17,"=""Nov-2008""",In November 2008 the International Accounting Standards Board issued IFRIC 17 Distributions of Non-cash Assets to Owners. It was developed by the Interpretations Committee.,
IFRIC 17,"=""Jul-2014""",The Basis for Conclusions on IFRIC 17 was amended to reflect IFRS 9 Financial Instruments (issued July 2014).,
IFRIC 17,"=""May-2011""",IFRS 10 Consolidated Financial Statements,Minor consequential amendment to IFRIC 17
IFRIC 17,"=""May-2011""",IFRS 13 Fair Value Measurement,Minor consequential amendment to IFRIC 17
IFRIC 17,"=""Mar-2018""",Amendments to References to the Conceptual Framework in IFRS Standards and IFRS 18 Presentation and Disclosure in Financial Statements,Minor consequential amendment to IFRIC 17
IFRIC 19,"=""Nov-2009""",In November 2009 the International Accounting Standards Board issued IFRIC 19 Extinguishing Financial Liabilities with Equity Instruments. It was developed by the Interpretations Committee.,
IFRIC 19,"=""May-2011""",IFRS 13 Fair Value Measurement,Minor consequential amendment to IFRIC 19
IFRIC 19,"=""Nov-2013""","IFRS 9 Financial Instruments (Hedge Accounting and amendments to IFRS 9, IFRS 7 and IAS 39)",Minor consequential amendment to IFRIC 19
IFRIC 19,"=""Jul-2014""",IFRS 9 Financial Instruments,Minor consequential amendment to IFRIC 19
IFRIC 19,"=""Mar-2018""",Amendments to References to the Conceptual Framework in IFRS Standards and IFRS 18 Presentation and Disclosure in Financial Statements,Minor consequential amendment to IFRIC 19
IFRIC 20,"=""Oct-2011""",In October 2011 the International Accounting Standards Board issued IFRIC 20 Stripping Costs in the Production Phase of a Surface Mine. It was developed by the Interpretations Committee.,
IFRIC 20,"=""Mar-2018""",Amendments to References to the Conceptual Framework in IFRS Standards,Minor consequential amendment to IFRIC 20
IFRIC 21,"=""May-2013""",In May 2013 the International Accounting Standards Board issued IFRIC 21 Levies. It was developed by the Interpretations Committee.,
IFRIC 22,"=""Dec-2016""",In December 2016 the International Accounting Standards Board issued IFRIC 22 Foreign Currency Transactions and Advance Consideration. It was developed by the Interpretations Committee.,
IFRIC 22,"=""May-2017""",IFRS 17 Insurance Contracts and Amendments to References to the Conceptual Framework in IFRS Standards,Minor consequential amendment to IFRIC 22
IFRIC 23,"=""May-2017""","In May 2017, the International Accounting Standards Board (Board) issued IFRIC 23 Uncertainty over Income Tax Treatments. It was developed by the IFRS Interpretations Committee.",
IFRIC 23,"=""Apr-2024""",IFRS 18 Presentation and Disclosure in Financial Statements,Minor consequential amendment to IFRIC 23
SIC-7,"=""Apr-2001""","In April 2001 the International Accounting Standards Board adopted SIC-7 Introduction of the Euro, which had originally been issued by the Standing Interpretations Committee of the International Accounting Standards Committee in May 1998.",
SIC-7,"=""Nov-2013""","IFRS 9 Financial Instruments (Hedge Accounting and amendments to IFRS 9, IFRS 7 and IAS 39)",Minor consequential amendment to SIC-7
SIC-10,"=""Apr-2001""","In April 2001 the International Accounting Standards Board adopted SIC-10 Government Assistance-No Specific Relation to Operating Activities, which had originally been issued by the Standing Interpretations Committee of the International Accounting Standards Committee in July 1998.",
SIC-25,"=""Apr-2001""","In April 2001 the International Accounting Standards Board adopted SIC-25 Income Taxes-Changes in the Tax Status of an Entity or its Shareholders, which had originally been issued by the Standing Interpretations Committee of the International Accounting Standards Committee in July 2000.",
SIC-29,"=""Dec-2001""","In December 2001 the International Accounting Standards Board (IASB) issued SIC-29 Disclosure-Service Concession Arrangements, which had originally been developed by the Standing Interpretations Committee of the International Accounting Standards Committee.",
SIC-29,"=""Nov-2006""","In November 2006, when the IASB issued IFRIC 12 Service Concession Arrangements, SIC-29’s title was changed to Service Concession Arrangements: Disclosures.",
SIC-29,"=""Jan-2016""",IFRS 16 Leases and Amendments to References to the Conceptual Framework in IFRS Standards,Minor consequential amendment to SIC-29
SIC-32,"=""Mar-2002""","In March 2002 the International Accounting Standards Board issued SIC-32 Intangible Assets-Web Site Costs, which had originally been developed by the Standing Interpretations Committee of the International Accounting Standards Committee.",
SIC-32,"=""May-2014""",IFRS 15 Revenue from Contracts with Customers,Minor consequential amendment to SIC-32
SIC-32,"=""Jan-2016""",IFRS 16 Leases,Minor consequential amendment to SIC-32
SIC-32,"=""Mar-2018""",Amendments to References to the Conceptual Framework in IFRS Standards and IFRS 18 Presentation and Disclosure in Financial Statements,Minor consequential amendment to SIC-32
