Standard Name,Date,Development,Comment
IAS 1,Mar-1974,Exposure Draft E1 Disclosure of Accounting Policies,
IAS 1,Jan-1975,IAS 1 Disclosure of Accounting Policies issued,Operative for periods beginning on or after 1 January 1975
IAS 1,Jun-1975,Exposure Draft E5 Information to Be Disclosed in Financial Statements published,
IAS 1,Oct-1976,IAS 5 Information to Be Disclosed in Financial Statements issued,Operative for periods beginning on or after 1 January 1975
IAS 1,Jul-1978,Exposure Draft E14 Current Assets and Current Liabilities published,
IAS 1,Nov-1979,IAS 13 Presentation of Current Assets and Current Liabilities issued,Operative for periods beginning on or after 1 January 1981
IAS 1,1994,"IAS 1, IAS 5, and IAS 13 reformatted",
IAS 1,Jul-1996,Exposure Draft E53 Presentation of Financial Statements published,
IAS 1,Aug-1997,"IAS 1 Presentation of Financial Statements (1997) issued (Supersedes IAS 1 (1975), IAS 5, and IAS 13 (1979))",Operative for periods beginning on or after 1 July 1998
IAS 1,18-Dec-2003,IAS 1 Presentation of Financial Statements (2003) issued,Effective for annual periods beginning on or after 1 January 2005
IAS 1,18-Aug-2005,Amended by Amendment to IAS 1 - Capital Disclosures,Effective for annual periods beginning on or after 1 January 2007
IAS 1,16-Mar-2006,Exposure Draft Proposed Amendments to IAS 1 - A Revised Presentation published,Comment deadline 17 July 2006
IAS 1,22-Jun-2006,Exposure Draft Financial Instruments Puttable at Fair Value and Obligations Arising on Liquidation published,Comment deadline 23 October 2006
IAS 1,06-Sep-2007,IAS 1 Presentation of Financial Statements (2007) issued,Effective for annual periods beginning on or after 1 January 2009
IAS 1,14-Feb-2008,Amended by Puttable Financial Instruments and Obligations Arising on Liquidation,Effective for annual reporting periods beginning on or after 1 January 2009
IAS 1,22-May-2008,Amended by Annual Improvements to IFRSs 2007 (classification of derivatives as current or non-current),Effective for annual reporting periods beginning on or after 1 January 2009
IAS 1,16-Apr-2009,Amended by Improvements to IFRSs 2009 (classification of liabilities as current),Effective for annual periods beginning on or after 1 January 2010
IAS 1,06-May-2010,Amended by Improvements to IFRSs 2010 (clarification of statement of changes in equity),Effective for annual periods beginning on or after 1 January 2011
IAS 1,27-May-2010,Exposure Draft ED/2010/5 Presentation of Items of Other Comprehensive Income published,Comment deadline 30 September 2010
IAS 1,16-Jun-2011,Amended by Presentation of Items of Other Comprehensive Income,Effective for annual periods beginning on or after 1 July 2012
IAS 1,17-May-2012,Amended by Annual Improvements 2009-2011 Cycle (comparative information),Effective for annual periods beginning on or after 1 January 2013
IAS 1,18-Dec-2014,Amended by Disclosure Initiative (Amendments to IAS 1) (project history),Effective for annual periods beginning on or after 1 January 2016
IAS 1,31-Oct-2018,Amended by Definition of Material (Amendments to IAS 1 and IAS 8),Effective for annual periods beginning on or after 1 January 2020
IAS 1,23-Jan-2020,Amended by Classification of Liabilities as Current or Non-current (Amendments to IAS 1),Effective for annual periods beginning on or after 1 January 2022
IAS 1,15-Jul-2020,IASB defers effective date of Classification of Liabilities as Current or Non-current (Amendments to IAS 1) to 1 January 2022,The new effective date of the January 2020 amendments is now 1 January 2023
IAS 1,12-Feb-2021,Amended by Disclosure of Accounting Policies (Amendments to IAS 1),Effective for annual periods beginning on or after 1 January 2023
IAS 1,31-Oct-2022,Amended by Non-current Liabilities with Covenants (Amendments to IAS 1),Effective for annual periods beginning on or after 1 January 2024; the effective date of the January 2020 amendments is also pushed to 1 January 2024
IAS 1,09-Apr-2024,"IFRS 18 Presentation and Disclosure in Financial Statements issued, which will superseded IAS 1 as of 1 January 2027",
IAS 2,Sep-1974,Exposure Draft E2 Valuation and Presentation of Inventories in the Context of the Historical Cost System published,
IAS 2,Oct-1975,IAS 2 Valuation and Presentation of Inventories in the Context of the Historical Cost System issued,
IAS 2,Aug-1991,Exposure Draft E38 Inventories published,
IAS 2,Dec-1993,IAS 9 (1993) Inventories issued,Operative for annual financial statements covering periods beginning on or after 1 January 1995
IAS 2,18-Dec-2003,IAS 2 Inventories issued,Effective for annual periods beginning on or after 1 January 2005
IAS 7,Jun-1976,Exposure Draft E7 Statement of Source and Application of Funds,
IAS 7,Oct-1977,IAS 7 Statement of Changes in Financial Position,
IAS 7,Jul-1991,Exposure Draft E36 Cash Flow Statements,
IAS 7,Dec-1992,IAS 7 (1992) Cash Flow Statements,Effective for annual periods beginning on or after 1 January 1994
IAS 7,06-Sep-2007,Retitled from Cash Flow Statements to Statement of Cash Flows as a consequential amendment resulting from revisions to IAS 1,
IAS 7,10-Jan-2008,Amended by IAS 27(2008) relating to changes in ownership of a subsidiary,Effective for annual periods beginning on or after 1 July 2009
IAS 7,16-Apr-2009,IAS 7 amended by Annual Improvements to IFRSs 2009 with respect to expenditures that do not result in a recognised asset.,Effective for annual periods beginning on or after 1 January 2010
IAS 7,01-Jul-2009,Effective date for amendments from IAS 27(2008) relating to changes in ownership of a subsidiary,
IAS 7,29-Jan-2016,Amended by Disclosure Initiative (Amendments to IAS 7),Effective for annual periods beginning on or after 1 January 2017
IAS 7,25-May-2023,Amended by Supplier Finance Arrangements (Amendments to IAS 7 and IFRS 7),Effective for annual periods beginning on or after 1 January 2024
IAS 7,09-Apr-2024,Amended by IFRS 18 Presentation and Disclosure in Financial Statements,"The amendments require all companies to use the operating profit subtotal as defined in IFRS 18 as the starting point for the indirect method of reporting cash flows from operating activities. Additionally, the presentation alternatives for cash flows related to interest and dividends paid and received will be removed. The amendments need to be applied when IFRS 18 is applied which is effective for annual periods beginning on or after 1 January 2027."
IAS 7,18-Jul-2024,Amended by Annual Improvements to IFRS Accounting Standards - Volume 11,The amendments are effective for annual reporting periods beginning on or after 1 January 2026
IAS 8,Oct-1976,Exposure Draft E8 The Treatment in the Income Statement of Unusual Items and Changes in Accounting Estimates and Accounting Policies,
IAS 8,Feb-1978,IAS 8 Unusual and Prior Period Items and Changes in Accounting Policies,
IAS 8,Jul-1992,"Exposure Draft E46 Extraordinary Items, Fundamental Errors and Changes in Accounting Policies",
IAS 8,Dec-1993,"IAS 8 (1993) Net Profit or Loss for the Period, Fundamental Errors and Changes in Accounting Policies (revised as part of the 'Comparability of Financial Statements' project)",Effective for annual periods beginning on or after 1 January 1995
IAS 8,18-Dec-2003,Revised version of IAS 8 issued by the IASB,Effective for annual periods beginning on or after 1 January 2005
IAS 8,31-Oct-2018,Amended by Definition of Material (Amendments to IAS 1 and IAS 8),Effective for annual periods beginning on or after 1 January 2020
IAS 8,12-Feb-2021,Amended by Definition of Accounting Estimates (Amendments to IAS 8),Effective for annual periods beginning on or after 1 January 2023. An entity needs to apply the amendments to changes in accounting estimates and changes in accounting policies that occur on or after the beginning of the first annual reporting period in which it applies the amendments.
IAS 8,09-Apr-2024,IAS 8 (2005) will be superseded by IAS 8 (2024) Basis of Preparation of Financial Statements when an entity applies IFRS 18 Presentation and Disclosure in Financial Statements,"Effective for annual periods beginning on or after 1 January 2027, with earlier application permitted"
IAS 10,Jul-1977,Exposure Draft E10 Contingencies and Events Occurring After the Balance Sheet Date,
IAS 10,Oct-1978,IAS 10 Contingencies and Events Occurring After the Balance Sheet Date effective 1 January 1980,
IAS 10,1994,IAS 10 (1978) was reformatted,
IAS 10,Aug-1997,"Exposure Draft E59 Provisions, Contingent Liabilities and Contingent Assets",
IAS 10,Sep-1998,"IAS 37 Provisions, Contingent Liabilities and Contingent Assets",
IAS 10,01-Jul-1999,"Effective date of IAS 37, which superseded those portions of IAS 10 (1978) dealing with contingencies",
IAS 10,Nov-1998,Exposure Draft E63 Events After the Balance Sheet Date,
IAS 10,May-1999,IAS 10 (1999) Events After the Balance Sheet Date superseded those portions of IAS 10 (1978) dealing with events after the balance sheet date,
IAS 10,01-Jan-2000,Effective date of IAS 10 (1999),
IAS 10,18-Dec-2003,Revised version of IAS 10 issued by the IASB,
IAS 10,01-Jan-2005,Effective date of IAS 10 (Revised 2003),
IAS 10,06-Sep-2007,Retitled Events after the Reporting Period as a consequential amendment resulting from revisions to IAS 1,
IAS 11,Dec-1977,Exposure Draft E11 Accounting for Construction Contracts,
IAS 11,Mar-1979,IAS 11 Accounting for Construction Contracts,
IAS 11,01-Jan-1980,Effective date of IAS 11,
IAS 11,May-1992,Exposure Draft E42 Construction Contracts,
IAS 11,Dec-1993,IAS 11 (1993) Construction Contracts (revised as part of the 'Comparability of Financial Statements' project),
IAS 11,01-Jan-1995,Effective date of IAS 11 (1993),
IAS 11,01-Jan-2018,IAS 11 will be superseded by IFRS 15 Revenue from Contracts with Customers,
IAS 12,Apr-1978,Exposure Draft E13 Accounting for Taxes on Income published,
IAS 12,Jul-1979,IAS 12 Accounting for Taxes on Income issued,
IAS 12,Jan-1989,Exposure Draft E33 Accounting for Taxes on Income published,
IAS 12,1994,IAS 12 (1979) was reformatted,
IAS 12,Oct-1994,Exposure Draft E49 Income Taxes published,
IAS 12,Oct-1996,IAS 12 Income Taxes issued,Operative for financial statements covering periods beginning on or after 1 January 1998
IAS 12,Oct-2000,Limited Revisions to IAS 12 published (tax consequences of dividends),Operative for financial statements covering periods beginning on or after 1 January 2001
IAS 12,31-Mar-2009,Exposure Draft ED/2009/2 Income Tax published,Comment deadline 31 July 2009 (proposals were not finalised)
IAS 12,10-Sep-2010,Exposure Draft ED/2010/11 Deferred Tax: Recovery of Underlying Assets (Proposed amendments to IAS 12) published,Comment deadline 9 November 2010
IAS 12,20-Dec-2010,Amended by Deferred Tax: Recovery of Underlying Assets,Effective for annual periods beginning on or after 1 January 2012
IAS 12,19-Jan-2016,Amended by Recognition of Deferred Tax Assets for Unrealised Losses,Effective for annual periods beginning on or after 1 January 2017
IAS 12,07-Jun-2017,IFRIC 23 Uncertainty over Income Tax Treatments issued,Effective for annual periods beginning on or after 1 January 2019
IAS 12,12-Dec-2017,Amended by Annual Improvements to IFRS Standards 2015-2017 Cycle,Effective for annual periods beginning on or after 1 January 2019
IAS 12,07-May-2021,Amended by Deferred Tax related to Assets and Liabilities arising from a Single Transaction (Amendments to IAS 12),Effective for annual periods beginning on or after 1 January 2023
IAS 12,23-May-2023,Amended by International Tax Reform - Pillar Two Model Rules (Amendments to IAS 12),The amendments introduce an exception to the requirements in the standard that an entity does not recognise and does not disclose information about deferred tax assets and liabilities related to the OECD pillar two income taxes; an entity applies the exception and the requirement to disclose that it has applied the exception immediately upon issuance of the amendments; the remaining disclosure requirements are required for annual reporting periods beginning on or after 1 January 2023
IAS 14,Mar-1980,Exposure Draft E15 Reporting Financial Information by Segment,
IAS 14,Aug-1981,IAS 14 Reporting Financial Information by Segment,
IAS 14,01-Jan-1983,Effective date of IAS 14 (1981),
IAS 14,1994,IAS 14 (1981) was reformatted,
IAS 14,Dec-1995,Exposure Draft E51 Reporting Financial Information by Segment,
IAS 14,Aug-1997,IAS 14 Segment Reporting,
IAS 14,01-Jul-1998,Effective date of IAS 14 (1997),
IAS 14,30-Nov-2006,IAS 14 is superseded by IFRS 8 Operating Segments effective for annual periods beginning 1 January 2009,
IAS 15,Jan-1976,Exposure Draft E6 Accounting Treatment of Changing Prices,
IAS 15,Jun-1977,IAS 6 Accounting Responses to Changing Prices,
IAS 15,01-Jan-1978,Effective date of IAS 6,
IAS 15,Aug-1980,Exposure Draft E17 Information Reflecting the Effects of Changing Prices,
IAS 15,Nov-1981,IAS 15 Information Reflecting the Effects of Changing Prices superseded IAS 6,
IAS 15,01-Jan-1983,Effective date of IAS 15 (1981),
IAS 15,Oct-1989,"IASC Board voted to make the IAS 15 disclosures optional and added a statement to that effect at the front of IAS 15. In October 1989, the IASC issued a Board Statement making IAS 15 optional, not mandatory. IASC granted that exemption because of the failure to reach an international consensus on the disclosure of information reflecting the effects of changing prices. However, enterprises are encouraged to disclose information reflecting the effects of changing prices and, where they do so, to disclose the items required by IAS 15.",
IAS 15,1994,Reformatted,
IAS 15,2001,IASB tentatively decided to withdraw IAS 15,
IAS 15,Dec-2003,"Withdrawn effective 1 January 2005. In December 2003, the IASB withdrew IAS 15 as part of its Improvements Project, effective 1 January 2005.",
IAS 16,Aug-1980,"Exposure Draft E18 Accounting for Property, Plant and Equipment in the Context of the Historical Cost System published",
IAS 16,Mar-1982,"IAS 16 Accounting for Property, Plant and Equipment issued",Operative for financial statements covering periods beginning on or after 1 January 1983
IAS 16,01-Jan-1992,"Exposure Draft E43 Property, Plant and Equipment published",
IAS 16,Dec-1993,"IAS 16 Property, Plant and Equipment issued",Operative for financial statements covering periods beginning on or after 1 January 1995
IAS 16,,(revised as part of the 'Comparability of Financial Statements' project),
IAS 16,April and July 1998,"Amended to be consistent with IAS 22, IAS 36 and IAS 37",Operative for annual financial statements covering periods beginning on or after 1 July 1999
IAS 16,18-Dec-2003,"IAS 16 Property, Plant and Equipment issued",Effective for annual periods beginning on or after 1 January 2005
IAS 16,22-May-2008,Amended by Improvements to IFRSs (routine sales of assets held for rental),Effective for annual periods beginning on or after 1 January 2009
IAS 16,17-May-2012,Amended by Annual Improvements 2009-2011 Cycle (classification of servicing equipment),Effective for annual periods beginning on or after 1 January 2013
IAS 16,12-Dec-2013,Amended by Annual Improvements to IFRSs 2010-2012 Cycle (proportionate restatement of accumulated depreciation under the revaluation method),Effective for annual periods beginning on or after 1 July 2014
IAS 16,12-May-2014,Amended by Clarification of Acceptable Methods of Depreciation and Amortisation (Amendments to IAS 16 and IAS 38),Effective for annual periods beginning on or after 1 January 2016
IAS 16,30-Jun-2014,Amended by Agriculture: Bearer Plants (Amendments to IAS 16 and IAS 41),Effective for annual periods beginning on or after 1 January 2016
IAS 16,14-May-2020,"Amended by Property, Plant and Equipment - Proceeds before Intended Use (Amendments to IAS 16)",Effective for annual periods beginning on or after 1 January 2022
IAS 17,Oct-1980,Exposure Draft E19 Accounting for Leases,
IAS 17,Sep-1982,IAS 17 Accounting for Leases,
IAS 17,01-Jan-1984,Effective date of IAS 17 (1982),
IAS 17,1994,IAS 17 (1982) was reformatted,
IAS 17,Apr-1997,"Exposure Draft E56, Leases",
IAS 17,Dec-1997,IAS 17 Leases,
IAS 17,01-Jan-1999,Effective date of IAS 17 (1997) Leases,
IAS 17,18-Dec-2003,Revised version of IAS 17 issued by the IASB,
IAS 17,01-Jan-2005,Effective date of IAS 17 (Revised 2003),
IAS 17,16-Apr-2009,IAS 17 amended for Annual Improvements to IFRSs 2009 about classification of land leases,
IAS 17,01-Jan-2010,"Effective date of the April 2009 revisions to IAS 17, with early application permitted (with disclosure)",
IAS 17,01-Jan-2019,IAS 17 will be superseded by IFRS 16 Leases,
IAS 18,Apr-1981,Exposure Draft E20 Revenue Recognition,
IAS 18,Dec-1982,IAS 18 Revenue Recognition,
IAS 18,01-Jan-1984,Effective date of IAS 18 (1982),
IAS 18,May-1992,E41 Revenue Recognition,
IAS 18,Dec-1993,IAS 18 Revenue Recognition (revised as part of the 'Comparability of Financial Statements' project),
IAS 18,01-Jan-1995,Effective date of IAS 18 (1993) Revenue Recognition,
IAS 18,Dec-1998,"Amended by IAS 39 Financial Instruments: Recognition and Measurement, effective 1 January 2001",
IAS 18,16-Apr-2009,Appendix to IAS 18 amended for Annual Improvements to IFRSs 2009. It now provides guidance for determining whether an entity is acting as a principal or as an agent.,
IAS 18,01-Jan-2018,IAS 18 will be superseded by IFRS 15 Revenue from Contracts with Customers,
IAS 19,Apr-1980,Exposure Draft E16 Accounting for Retirement Benefits in Financial Statements of Employers published,
IAS 19,Jan-1983,IAS 19 Accounting for Retirement Benefits in Financial Statements of Employers issued,Operative for financial statements covering periods beginning on or after 1 January 1985
IAS 19,Dec-1992,E47 Retirement Benefit Costs published,
IAS 19,Dec-1993,IAS 19 Retirement Benefit Costs issued,Operative for financial statements covering periods beginning on or after 1 January 1995
IAS 19,Oct-1996,E54 Employee Benefits published,Comment deadline 31 January 1997
IAS 19,Feb-1998,IAS 19 Employee Benefits issued,Operative for financial statements covering periods beginning on or after 1 January 1999
IAS 19,Jul-2000,E67 Pension Plan Assets published,
IAS 19,Oct-2000,"Amended to change the definition of plan assets and to introduce recognition, measurement and disclosure requirements for reimbursements",Operative for annual financial statements covering periods beginning on or after 1 January 2001
IAS 19,May-2002,Amended to prevent the recognition of gains solely as a result of actuarial losses or past service cost and the recognition of losses solely as a result of actuarial gains,Operative for annual financial statements covering periods ending on or after 31 May 2002
IAS 19,05-Dec-2002,"ED 2 Share-based Payment published, proposing to replace the equity compensation benefits requirements of IAS 19",Comment deadline 7 March 2003
IAS 19,Feb-2004,Equity compensation benefits requirements replaced by IFRS 2 Share-based Payment,Effective for annual reporting periods beginning on or after 1 January 2005
IAS 19,29-Apr-2004,"Exposure Draft Proposed Amendments to IAS 19 Employee Benefits: Actuarial Gains and Losses, Group Plans and Disclosures published",Comment deadline 31 July 2004
IAS 19,19-Dec-2004,"Actuarial Gains and Losses, Group Plans and Disclosures issued",Effective for annual periods beginning on or after 1 January 2006
IAS 19,22-May-2008,Amended by Annual Improvements to IFRSs (negative past service costs and curtailments),Effective for annual periods beginning on or after 1 January 2009
IAS 19,20-Aug-2009,ED/2009/10 Discount Rate for Employee Benefits (Proposed amendments to IAS 19) published,Comment deadline 30 September 2009
IAS 19,,,(proposals were not finalised)
IAS 19,29-Apr-2010,ED/2010/3 Defined Benefit Plans (Proposed amendments to IAS 19) published,Comment deadline 6 September 2010
IAS 19,16-Jun-2011,IAS 19 Employee Benefits (amended 2011) issued,Effective for annual periods beginning on or after 1 January 2013
IAS 19,25-Mar-2013,ED/2013/4 Defined Benefit Plans: Employee Contributions (Proposed amendments to IAS 19) published,Comment deadline 25 July 2013
IAS 19,21-Nov-2013,Defined Benefit Plans: Employee Contributions (Amendments to IAS 19) issued,Effective for annual periods beginning on or after 1 July 2014
IAS 19,25-Sep-2014,Amended by Improvements to IFRSs 2014 (discount rate: regional market issue),Effective for annual periods beginning on or after 1 January 2016
IAS 19,07-Feb-2018,"Plan Amendment, Curtailment or Settlement (Amendments to IAS 19) issued",Effective for annual periods beginning on or after 1 January 2019
IAS 19,,,
IAS 20,Sep-1981,Exposure Draft E21 Accounting for Government Grants and Disclosure of Government Assistance,
IAS 20,Apr-1983,IAS 20 Accounting for Government Grants and Disclosure of Government Assistance,
IAS 20,01-Jan-1984,Effective date of IAS 20 (1983),
IAS 20,1994,IAS 20 (1983) was reformatted,
IAS 20,22-May-2008,IAS 20 amended for Annual Improvements to IFRSs 2007 to bring it in line with IAS 39 in respect of loans with the below market-rate of interest,
IAS 20,01-Jan-2009,Effective date of May 2008 amendment to IAS 20,
IAS 21,Dec-1977,Exposure Draft E11 Accounting for Foreign Transactions and Translation of Foreign Financial Statements,
IAS 21,Mar-1982,E11 was modified and re-exposed as Exposure Draft E23 Accounting for the Effects of Changes in Foreign Exchange Rates,
IAS 21,Jul-1983,IAS 21 Accounting for the Effects of Changes in Foreign Exchange Rates,
IAS 21,01-Jan-1985,Effective date of IAS 21 (1983),
IAS 21,1993,IAS 21 (1983) was revised as part of the comparability of financial statements project,
IAS 21,May-1992,Exposure Draft E44 The Effects of Changes in Foreign Exchange Rates,
IAS 21,Dec-1993,IAS 21 (1993) The Effects of Changes in Foreign Exchange Rates (revised as part of the 'Comparability of Financial Statements' project),
IAS 21,01-Jan-1995,Effective date of IAS 21 (1993),
IAS 21,18-Dec-2003,Revised version of IAS 21 issued by the IASB,
IAS 21,01-Jan-2005,Effective date of IAS 21 (Revised 2003),
IAS 21,Dec-2005,Minor Amendment to IAS 21 relating to net investment in a foreign operation,
IAS 21,01-Jan-2006,Effective date of the December 2005 amendments,
IAS 21,10-Jan-2008,Some revisions of IAS 21 as a result of the Business Combinations Phase II Project relating to disposals of foreign operations,
IAS 21,01-Jul-2009,Effective date of the January 2008 amendments,
IAS 21,15-Aug-2023,Lack of Exchangeability (Amendments to IAS 21) published,An entity applies the amendments for annual reporting periods beginning on or after 1 January 2025
IAS 21,13-Nov-2025,Translation to a Hyperinflationary Presentation Currency (Amendments to IAS 21) issued,The amendments are effective for annual periods beginning on or after 1 January 2027 with earlier application permitted
IAS 22,Sep-1981,Exposure Draft E22 Accounting for Business Combinations,
IAS 22,Nov-1983,IAS 22 Accounting for Business Combinations,
IAS 22,01-Jan-1985,Effective date of IAS 22 (1983),
IAS 22,Jun-1992,Exposure Draft E54 Business Combinations,
IAS 22,Dec-1993,"IAS 22 (1993), Business Combinations (revised as part of the 'Comparability of Financial Statements' project)",
IAS 22,01-Jan-1995,Effective date of IAS 22 (1993),
IAS 22,Aug-1997,Exposure Draft E61 Business Combinations,
IAS 22,Sep-1998,IAS 22 (1998) Business Combinations,
IAS 22,01-Jul-1999,Effective date of IAS 22 (1998) Business Combinations,
IAS 22,31-Mar-2004,"IAS 22 superseded by IFRS 3 Business Combinations (2004), effective for business combinations for which the agreement date is on or after 31 March 2004",
IAS 23,Nov-1982,Exposure Draft E24 Capitalisation of Borrowing Costs,
IAS 23,Mar-1984,IAS 23 Capitalisation of Borrowing Costs,
IAS 23,01-Jan-1986,Effective date of IAS 23 (1984),
IAS 23,Aug-1991,Exposure Draft E39 Capitalisation of Borrowing Costs,
IAS 23,Dec-1993,IAS 23 (1993) Borrowing Costs (revised as part of the 'Comparability of Financial Statements' project),
IAS 23,01-Jan-1995,Effective date of IAS 23 (1993) Borrowing Costs,
IAS 23,25-May-2006,Exposure Draft of proposed amendments to IAS 23,
IAS 23,29-Mar-2007,IASB amends IAS 23 to require capitalisation of borrowing costs.,
IAS 23,22-May-2008,IAS 23 amended for 'Annual Improvements to IFRSs 2007 for components of borrowing costs,
IAS 23,01-Jan-2009,Effective date of March 2007 and May 2008 amendments to IAS 23,
IAS 23,12-Dec-2017,IAS 23 amended for 'Annual Improvements to IFRS Standards 2015-2017'.,
IAS 24,Mar-1983,Exposure Draft E25 Disclosure of Related Party Transactions,
IAS 24,Jul-1984,IAS 24 Related Party Disclosures issued,Effective 1 January 1986
IAS 24,1994,IAS 24 was reformatted,
IAS 24,18-Dec-2003,IAS 24 Related Party Disclosures,Effective for annual periods beginning on or after 1 January 2005
IAS 24,22-Feb-2007,Exposure Draft State-controlled Entities and the Definition of a Related Party published,Comment deadline 25 May 2007
IAS 24,11-Dec-2008,Exposure Draft Relationships with the State (Proposed amendments to IAS 24) published,Comment deadline 13 March 2009
IAS 24,04-Nov-2009,IAS 24 Related Party Disclosures issued,Effective for annual periods beginning on or after 1 January 2011
IAS 24,12-Dec-2013,Amended by Annual Improvements to IFRSs 2010-2012 Cycle (entities providing key management personnel services),Effective for annual periods beginning on or after 1 July 2014
IAS 26,Jul-1985,Exposure Draft E27 Accounting and Reporting by Retirement Benefit Plans,
IAS 26,Jan-1987,IAS 26 Accounting and Reporting by Retirement Benefit Plans,
IAS 26,01-Jan-1988,Effective date of IAS 26 (1987),
IAS 26,1994,IAS 26 was reformatted,
IAS 27,Sep-1987,Exposure Draft E30 Consolidated Financial Statements and Accounting for Investments in Subsidiaries,
IAS 27,Apr-1989,IAS 27 Consolidated Financial Statements and Accounting for Investments in Subsidiaries,
IAS 27,01-Jan-1990,Effective date of IAS 27 (1989),
IAS 27,1994,IAS 27 was reformatted,
IAS 27,Dec-1998,IAS 27 was amended by IAS 39 Financial Instruments: Recognition and Measurement effective 1 January 2001,
IAS 27,18-Dec-2003,Revised version of IAS 27 issued by the IASB,
IAS 27,01-Jan-2005,Effective date of IAS 27 (2003),
IAS 27,25-Jun-2005,Exposure Draft of Proposed Amendments to IFRS 3 and IAS 27,
IAS 27,10-Jan-2008,Revised IAS 27 (2008) issued,
IAS 27,22-May-2008,IAS 27 amended for Cost of a Subsidiary in the Separate Financial Statements of a Parent on First-time Adoption of IFRSs,
IAS 27,22-May-2008,IAS 27 amended for Annual Improvements to IFRSs 2007 relating to measurement of investments held for sale under IFRS 5 in separate financial statements,
IAS 27,01-Jan-2009,Effective date of the two May 2008 amendments,
IAS 27,01-Jul-2009,Effective date of IAS 27 (2008). Deloitte has published a Special Edition of our IAS Plus Newsletter dealing with the January 2008 revisions to IFRS 3 and IAS 27 (PDF 123k).,
IAS 27,06-May-2010,IAS 27 amended for Annual Improvements to IFRSs 2010,
IAS 27,01-Jul-2010,Effective date of May 2010 amendment to IAS 27,
IAS 27,12-May-2011,IAS 27 (2008) is superseded by IAS 27 Separate Financial Statements (2011) and IFRS 10 Consolidated Financial Statements effective 1 January 2013,
IAS 28,Jul-1986,Exposure Draft E28 Accounting for Investments in Associates and Joint Ventures,
IAS 28,Apr-1989,IAS 28 Accounting for Investments in Associates issued,Effective 1 January 1990
IAS 28,1994,IAS 28 was reformatted,
IAS 28,Dec-1998,Amended by IAS 39 Financial Instruments: Recognition and Measurement,Effective 1 January 2001
IAS 28,18-Dec-2003,IAS 28 Investments in Associates issued,Effective for annual periods beginning on or after 1 January 2005
IAS 28,10-Jan-2008,Amended by IFRS 3 Business Combinations (loss of significant influence),Effective for annual periods beginning on or after 1 July 2009
IAS 28,22-May-2008,Amended by Improvements to IFRSs (impairment testing),Effective for annual periods beginning on or after 1 January 2009
IAS 28,12-May-2011,Superseded by IAS 28 Investments in Associates and Joint Ventures (2011),Effective for annual periods beginning on or after 1 January 2013
IAS 29,Nov-1987,Exposure Draft E31 Financial Reporting in Hyperinflationary Economies,
IAS 29,Jul-1989,IAS 29 Financial Reporting in Hyperinflationary Economies,
IAS 29,01-Jan-1990,Effective date of IAS 29 (1989),
IAS 29,1994,IAS 29 was reformatted,
IAS 29,22-May-2008,IAS 29 amended for Annual Improvements to IFRSs 2007,
IAS 29,01-Jan-2009,Effective date of the May 2008 revisions to IAS 29,
IAS 30,Apr-1987,Exposure Draft E29 Disclosures in Financial Statements of Banks,
IAS 30,Jul-1989,Exposure Draft E29 was modified and re-exposed as Exposure Draft E34 Disclosures in Financial Statements of Banks and Similar Financial Institutions,
IAS 30,Aug-1990,IAS 30 Disclosures in Financial Statements of Banks and Similar Financial Institutions,
IAS 30,01-Jan-1991,Effective date of IAS 30 (1990),
IAS 30,1994,IAS 30 was reformatted,
IAS 30,Dec-1998,"IAS 30 was amended by IAS 39 Financial Instruments: Recognition and Measurement, effective 1 January 2001",
IAS 30,18-Aug-2005,IAS 30 is superseded by IFRS 7 Financial Instruments: Disclosures effective 1 January 2007,
IAS 31,Dec-1989,Exposure Draft E35 Financial Reporting of Interests in Joint Ventures,
IAS 31,Dec-1990,IAS 31 Financial Reporting of Interests in Joint Ventures,
IAS 31,01-Jan-1992,Effective date of IAS 31 (1990),
IAS 31,1994,IAS 31 was reformatted,
IAS 31,Dec-1998,IAS 31 was revised by IAS 39 effective 1 January 2001,
IAS 31,18-Dec-2003,Revised version of IAS 31 issued by the IASB,
IAS 31,01-Jan-2005,Effective date of IAS 31 (Revised 2003),
IAS 31,13-Sep-2007,Exposure Draft ED 9 Joint Arrangements issued. Proposes to replace IAS 31 with a new standard titled Joint Arrangements.,
IAS 31,10-Jan-2008,Some significant revisions of IAS 31 were adopted as a result of the Business Combinations Phase II Project relating to loss of joint control,
IAS 31,22-May-2008,IAS 31 amended for Annual Improvements to IFRSs 2007 for certain disclosures and reversals of impairment losses (equity method),
IAS 31,01-Jan-2009,Effective date of the May 2008 revisions to IAS 31,
IAS 31,01-Jul-2009,Effective date of the January 2008 revisions to IAS 31,
IAS 31,12-May-2011,IAS 31 is superseded by IFRS 11 Joint Arrangements and IFRS 12 Disclosure of Interests in Other Entities effective 1 January 2013,
IAS 32,Sep-1991,Exposure Draft E40 Financial Instruments,
IAS 32,Jan-1994,E40 was modified and re-exposed as Exposure Draft E48 Financial Instruments,
IAS 32,Jun-1995,The disclosure and presentation portion of E48 was adopted as IAS 32 Financial Instruments: Disclosure and Presentation,
IAS 32,01-Jan-1996,Effective date of IAS 32 (1995),
IAS 32,Dec-1998,"IAS 32 was revised by IAS 39, effective 1 January 2001",
IAS 32,17-Dec-2003,Revised version of IAS 32 issued by the IASB,
IAS 32,01-Jan-2005,Effective date of IAS 32 (2003),
IAS 32,18-Aug-2005,Disclosure provisions of IAS 32 are replaced by IFRS 7 Financial Instruments: Disclosures effective 1 January 2007. Title of IAS 32 changed to Financial Instruments: Presentation,
IAS 32,22-Jun-2006,Exposure Draft of proposed amendments relating to Puttable Instruments and Obligations Arising on Liquidation,
IAS 32,14-Feb-2008,IAS 32 amended for Puttable Instruments and Obligations Arising on Liquidation,
IAS 32,01-Jan-2009,Effective date of amendments for puttable instruments and obligations arising on liquidation,
IAS 32,06-Aug-2009,Exposure Draft Classification of Rights Issues proposing to amend IAS 32,
IAS 32,08-Oct-2009,Amendment to IAS 32 about Classification of Rights Issues,
IAS 32,01-Feb-2010,Effective date of the October 2009 amendment,
IAS 32,16-Dec-2011,Offsetting Financial Assets and Financial Liabilities (Amendments to IAS 32) issued,
IAS 32,17-May-2012,Amendments resulting from Annual Improvements 2009-2011 Cycle (tax effect of equity distributions). Click for More Information,
IAS 32,01-Jan-2013,Effective date of May 2012 amendments (Annual Improvements 2009-2011 Cycle),
IAS 32,01-Jan-2014,Effective date of December 2011 amendments,
IAS 33,Jan-1996,Exposure Draft E33 Earnings Per Share,
IAS 33,Feb-1997,IAS 33 Earnings Per Share,Effective for annual periods beginning on or after 1 January 1999
IAS 33,18-Dec-2003,Revised version of IAS 33 issued by the IASB,Effective for annual periods beginning on or after 1 January 2005
IAS 33,07-Aug-2008,IASB proposes to amend IAS 33. Click for Press Release (PDF 48k).,
IAS 33,06-Sep-2007,Amended by IAS 1 Pre­sen­ta­tion of Financial State­ments (2007),Effective for annual periods beginning on or after 1 January 2009
IAS 33,12-May-2011,Amended by IFRS 10 Consolidated Financial Statements and IFRS 11 Joint Arrangements,Effective for annual periods beginning on or after 1 January 2013
IAS 33,12-May-2011,Amended by IFRS 13 Fair Value Measurements,Effective for annual periods beginning on or after 1 January 2013
IAS 33,16-Jun-2011,Amended by IAS 1 Pre­sen­ta­tion of Items of Other Com­pre­hen­sive Income,Effective for annual periods beginning on or after 1 July 2012
IAS 33,24-Jul-2014,Amended by IFRS 9 Financial Instruments,Effective for annual periods beginning on or after 1 January 2018
IAS 33,09-Apr-2024,Amended by IFRS 18 Presentation and Disclosure in Financial Statements,"The amendments to IAS 33 permit an entity to disclose additional earnings per share in the notes only if the numerator is either a total or subtotal identified in IFRS 18 or is a management performance measure. The amendments need to be applied when IFRS 18 is applied, which is effective for annual periods beginning on or after 1 January 2027"
IAS 34,Aug-1997,Exposure Draft E57 Interim Financial Reporting published,
IAS 34,Jun-1998,IAS 34 Interim Financial Reporting issued,Operative for financial statements covering periods beginning on or after 1 January 1999
IAS 34,06-May-2010,Amended by Improvements to IFRSs 2010 (significant transactions and events),Effective for annual periods beginning on or after 1 January 2011
IAS 34,17-May-2012,Amended by Annual Improvements 2009-2011 Cycle (segment information),Effective for annual periods beginning on or after 1 January 2013
IAS 34,31-Oct-2012,"Amended by Investment Entities (Amendments to IFRS 10, IFRS 12 and IAS 27)",Effective for annual periods beginning on or after 1 January 2014
IAS 34,28-May-2014,Amended by IFRS 15 Revenue from Contracts with Customers,Effective for annual periods beginning on or after 1 January 2018
IAS 34,25-Sep-2014,Amended by Improvements to IFRSs 2014 (disclosure of information 'elsewhere in the interim financial report'),Effective for annual periods beginning on or after 1 January 2016
IAS 34,18-Dec-2014,Amended by Disclosure Initiative (Amendments to IAS 1),Effective for annual periods beginning on or after 1 January 2016
IAS 34,29-Mar-2018,Amended by Amendments to References to the Conceptual Framework in IFRS Standards,Effective for annual periods beginning on or after 1 January 2020
IAS 34,31-Oct-2018,Amended by Definition of Material (Amendments to IAS 1 and IAS 8),Effective for annual periods beginning on or after 1 January 2020
IAS 34,12-Feb-2021,Amended by Disclosure of Accounting Policies (Amendments to IAS 1 and Practice Statement 2 Making Materiality Judgements),Effective for annual periods beginning on or after 1 January 2023
IAS 34,09-Apr-2024,Amended by IFRS 18 Presentation and Disclosure in Financial Statements,The amendments to IAS 34 require an entity to include in its interim report the disclosures about management-defined performance measures required by paragraphs 121-125 of IFRS 18. The amendments need to be applied when IFRS 18 is applied which is effective for annual periods beginning on or after 1 January 2027.
IAS 35,Aug-1997,Exposure Draft E58 Discontinuing Operations,
IAS 35,Jun-1998,IAS 35 Discontinuing Operations,
IAS 35,01-Jul-1999,Effective date of IAS 35 (1998),
IAS 35,31-Mar-2004,IAS 35 is superseded by IFRS 5 Non-current Assets Held for Sale and Discontinued Operations effective 1 January 2005,
IAS 36,May-97,Exposure Draft E55 Impairment of Assets,
IAS 36,Jun-98,IAS 36 Impairment of Assets,Operative for financial statements covering periods beginning on or after 1 July 1999
IAS 36,31-Mar-2004,IAS 36 Impairment of Assets revised,"Applies to goodwill and intangible assets acquired in business combinations for which the agreement date is on or after 31 March 2004, and for all other assets prospectively from the beginning of the first annual period beginning on or after 31 March 2004"
IAS 36,22-May-2008,Amended by Annual Improvements to IFRSs 2007 (disclosure of estimates used to determine a recoverable amount),Effective for annual periods beginning on or after 1 January 2009
IAS 36,16-Apr-2009,Amended by Annual Improvements to IFRSs 2009 (units of accounting for goodwill impairment testing using segments under IFRS 8 before aggregation),Effective for annual periods beginning on or after 1 January 2010
IAS 36,29-May-2013,Amended by Recoverable Amount Disclosures for Non-Financial Assets (clarification of disclosures required),Effective for annual periods beginning on or after 1 January 2014
IAS 37,Aug-1997,"Exposure Draft E59 Provisions, Contingent Liabilities and Contingent Assets published",
IAS 37,Sep-1998,"IAS 37 Provisions, Contingent Liabilities and Contingent Assets issued",Operative for annual financial statements covering periods beginning on or after 1 July 1999
IAS 37,30-Jun-2005,"Exposure Draft Amendments to IAS 37 Provisions, Contingent Liabilities and Contingent Assets and IAS 19 Employee Benefits published","Comment deadline 28 October 2005 (proposals were not finalised, instead being reconsidered as a longer term research project)"
IAS 37,14-May-2020,Amended by Onerous Contracts - Cost of Fulfilling a Contract (Amendments to IAS 37),Effective for annual periods beginning on or after 1 January 2022
IAS 38,Feb-1977,Exposure Draft E9 Accounting for Research and Development Activities,
IAS 38,Jul-1978,IAS 9 (1978) Accounting for Research and Development Activities issued,Effective 1 January 1980
IAS 38,Aug-1991,Exposure Draft E37 Research and Development Costs published,
IAS 38,Dec-1993,IAS 9 (1993) Research and Development Costs issued,Operative for annual financial statements covering periods beginning on or after 1 January 1995
IAS 38,Jun-95,Exposure Draft E50 Intangible Assets published,
IAS 38,Aug-97,E50 was modified and re-exposed as Exposure Draft E59 Intangible Assets,
IAS 38,Sep-1998,IAS 38 Intangible Assets issued,Operative for annual financial statements covering periods beginning on or after 1 July 1998
IAS 38,31-Mar-2004,IAS 38 Intangible Assets issued,"Applies to intangible assets acquired in business combinations occurring on or after 31 March 2004, or otherwise to other intangible assets for annual periods beginning on or after 31 March 2004"
IAS 38,22-May-2008,"Amended by Improvements to IFRSs (advertising and promotional activities, units of production method of amortisation)",Effective for annual periods beginning on or after 1 January 2009
IAS 38,16-Apr-2009,Amended by Improvements to IFRSs (measurement of intangible assets in business combinations),Effective for annual periods beginning on or after 1 July 2009
IAS 38,12-Dec-2013,Amended by Annual Improvements to IFRSs 2010-2012 Cycle (proportionate restatement of accumulated depreciation under the revaluation method),Effective for annual periods beginning on or after 1 July 2014
IAS 38,12-May-2014,Amended by Clarification of Acceptable Methods of Depreciation and Amortisation (Amendments to IAS 16 and IAS 38),Effective for annual periods beginning on or after 1 January 2016
IAS 39,Oct-1984,Exposure Draft E26 Accounting for Investments,
IAS 39,Mar-1986,IAS 25 Accounting for Investments,Operative for financial statements covering periods beginning on or after 1 January 1987
IAS 39,Sep-1991,Exposure Draft E40 Financial Instruments,
IAS 39,Jan-1994,E40 was modified and re-exposed as Exposure Draft E48 Financial Instruments,
IAS 39,Jun-1995,The disclosure and presentation portion of E48 was adopted as IAS 32,
IAS 39,Mar-1997,Discussion Paper Accounting for Financial Assets and Financial Liabilities issued,
IAS 39,Jun-1998,Exposure Draft E62 Financial Instruments: Recognition and Measurement issued,Comment deadline 30 September 1998
IAS 39,Dec-1998,IAS 39 Financial Instruments: Recognition and Measurement (1998),Effective date 1 January 2001
IAS 39,Apr-2000,Withdrawal of IAS 25 following the approval of IAS 40 Investment Property,Effective for financial statements covering periods beginning on or after 1 January 2001
IAS 39,Oct-2000,Limited revisions to IAS 39,Effective date 1 January 2001
IAS 39,17-Dec-2003,IAS 39 Financial Instruments: Recognition and Measurement (2004) issued,Effective for annual periods beginning on or after 1 January 2005
IAS 39,31-Mar-2004,IAS 39 revised to reflect macro hedging,Effective for annual periods beginning on or after 1 January 2005
IAS 39,17-Dec-2004,Amendment issued to IAS 39 for transition and initial recognition of profit or loss,
IAS 39,14-Apr-2005,Amendment issued to IAS 39 for cash flow hedges of forecast intragroup transactions,Effective for annual periods beginning on or after 1 January 2006
IAS 39,15-Jun-2005,Amendment to IAS 39 for fair value option,Effective for annual periods beginning on or after 1 January 2006
IAS 39,18-Aug-2005,Amendment to IAS 39 for financial guarantee contracts,Effective for annual periods beginning on or after 1 January 2006
IAS 39,22-May-2008,IAS 39 amended for Annual Improvements to IFRSs 2007,Effective for annual periods beginning on or after 1 January 2009
IAS 39,30-Jul-2008,Amendment to IAS 39 for eligible hedged items,Effective for annual periods beginning on or after 1 July 2009
IAS 39,13-Oct-2008,Amendment to IAS 39 for reclassifications of financial assets,Effective 1 July 2008
IAS 39,12-Mar-2009,Amendment to IAS 39 for embedded derivatives on reclassifications of financial assets,Effective for annual periods beginning on or after 1 July 2009
IAS 39,16-Apr-2009,IAS 39 amended for Annual Improvements to IFRSs 2009,Effective for annual periods beginning on or after 1 January 2010
IAS 39,12-Nov-2009,"IFRS 9 Financial Instruments issued, replacing the classification and measurement of financial assets provisions of IAS 39","Original effective date 1 January 2013, later deferred and subsequently removed*"
IAS 39,28-Oct-2010,"IFRS 9 Financial Instruments reissued, incorporating new requirements on accounting for financial liabilities and carrying over from IAS 39 the requirements for derecognition of financial assets and financial liabilities","Original effective date 1 January 2013, later deferred and subsequently removed*"
IAS 39,27-Jun-2013,Amended by Novation of Derivatives and Continuation of Hedge Accounting,Effective for annual periods beginning on or after 1 January 2014 (earlier application permitted)
IAS 39,19-Nov-2013,"IFRS 9 Financial Instruments (Hedge Accounting and amendments to IFRS 9, IFRS 7 and IAS 39) issued, permitting an entity to elect to continue to apply the hedge accounting requirements in IAS 39 for a fair value hedge of the interest rate exposure of a portion of a portfolio of financial assets or financial liabilities when IFRS 9 is applied, and to extend the fair value option to certain contracts that meet the 'own use' scope exception",Applies when IFRS 9 is applied
IAS 39,24-Jul-2014,"IFRS 9 Financial Instruments issued, replacing IAS 39 requirements for classification and measurement, impairment, hedge accounting and derecognition","Effective for annual periods beginning on or after 1 January 2018 (When an entity first applies IFRS 9, it may choose as its accounting policy choice to continue to apply the hedge accounting requirements of IAS 39 instead of the requirements of Chapter 6 of IFRS 9. The IASB currently is undertaking a project on macro hedge accounting which is expected to eventually replace these sections of IAS 39.)"
IAS 40,Oct-1984,Exposure Draft E26 Accounting for Investments published,
IAS 40,Mar-1986,IAS 25 Accounting for Investments issued,Operative for financial statements covering periods beginning on or after 1 January 1987
IAS 40,Jul-1999,Exposure Draft E64 Investment Property published,Comment deadline 31 October 1999
IAS 40,Apr-2000,IAS 40 Investment Property (2000) issued (Supersedes IAS 25 with respect to investment property),Operative for annual financial statements covering periods beginning on or after 1 January 2001
IAS 40,May-2002,Exposure Draft Improvements to International Accounting Standards (2000) published,Comment deadline 16 September 2002
IAS 40,18-Dec-2003,IAS 40 Investment Property (2003) issued,Effective for annual periods beginning on or after 1 January 2005
IAS 40,22-May-2008,Amended by Annual Improvements to IFRSs 2007 (include property under construction or development for future use within scope),Effective for annual periods beginning on or after 1 January 2009
IAS 40,12-Dec-2013,Amended by Annual Improvements to IFRSs 2011-2013 Cycle (interrelationship between IFRS 3 and IAS 40),Effective for annual periods beginning on or after 1 July 2014
IAS 40,08-Dec-2016,Amended by Transfers of Investment Property (Amendments to IAS 40),Effective for annual periods beginning on or after 1 July 2018
IAS 41,Dec-1999,Exposure Draft E65 Agriculture,Comment deadline 31 January 2000
IAS 41,Dec-2000,IAS 41 Agriculture issued,Operative for annual financial statements covering periods beginning on or after 1 January 2003
IAS 41,22-May-2008,Amended by Improvements to IFRSs (discount rates),Effective for annual periods beginning on or after 1 January 2009
IAS 41,30-Jun-2014,Amended by Agriculture: Bearer Plants (Amendments to IAS 16 and IAS 41),Effective for annual periods beginning on or after 1 January 2016
IAS 41,14-May-2020,Amended by Annual Improvements to IFRS Standards 2018-2020 (taxation in fair value measurements). Click for more information,Effective for annual periods beginning on or after 1 January 2022
