IFRS,Date,Development,Comments
1,01-Sep-2001,Project added to IASB agenda,History of the project
1,31-Jul-2002,Exposure Draft ED 1 First-time Application of IFRSs published,Comment deadline 31 October 2002
1,01-Jun-2003,IFRS 1 First-time Adoption of IFRSs issued,Effective for the first IFRS financial statements for a period beginning on or after 1 January 2004
1,30-Jun-2005,Amended by Amendments to IFRS 1 First-time Adoption of International Financial Reporting Standards and IFRS 6 Exploration for and Evaluation of Mineral Resources (more information),"A minor amendment to clarify that the exemption in relation to IFRS 6 applies to the recognition and measurement requirements of IFRS 6, as well as the disclosure requirements."
1,22-May-2008,"Amended by Amendments to IFRS 1 and IAS 27 — Cost of an Investment in a Subsidiary, Jointly Controlled Entity or Associate",Effective for annual periods beginning on or after 1 January 2009
1,24-Nov-2008,Restructured version of IFRS 1 issued,Effective if an entity's first IFRS financial statements are for a period beginning on or after 1 July 2009
1,23-Jul-2009,"Amended by Additional Exemptions for First-time Adopters (Amendments to IFRS 1) (oil and gas assets, leases). Click for more information.",Effective for annual periods beginning on or after 1 January 2010
1,29-Jan-2010,Amended by Limited Exemption from Comparative IFRS 7 Disclosures for First-time Adopters (Amendment to IFRS 1). Click for more information,Effective for or annual periods beginning on or after 1 July 2010
1,06-May-2010,"Amended by Improvements to IFRSs (accounting policies changes, revaluation basis as deemed cost, rate regulation)",Effective for annual periods beginning on or after 1 July 2011
1,20-Dec-2010,Amended by Severe Hyperinflation and Removal of Fixed Dates for First-time Adopters (Amendment to IFRS 1). Click for more information,Effective for annual periods beginning on or after 1 July 2011
1,13-Mar-2012,Amended by Government Loans (Amendments to IFRS 1). Click for more information,Effective for annual periods beginning on or after 1 January 2013
1,17-May-2012,"Amended by Annual Improvements 2009-2011 Cycle (repeat application, borrowing costs). Click for more information",Effective for annual periods beginning on or after 1 January 2013
1,12-Dec-2013,Amended by Annual Improvements to IFRSs 2011–2013 Cycle (meaning of effective IFRSs). Click for more information,Amendment to basis for conclusions only
1,08-Dec-2016,Amended by Annual Improvements to IFRS Standards 2014–2016 Cycle (Deletion of short-term exemptions for first-time adopters). Click for more information,Effective for annual periods beginning on or after 1 January 2018
1,14-May-2020,Amended by Annual Improvements to IFRS Standards 2018–2020 (subsidiary as a first-time adopter). Click for more information,Effective for annual periods beginning on or after 1 January 2022
1,18-Jul-2024,Amended by Annual Improvements to IFRS Accounting Standards — Volume 11,The amendments are effective for annual reporting periods beginning on or after 1 January 2026.
2,July 2000,G4+1 Discussion Paper Accounting for Share-Based Payments published,Comment deadline 31 October 2000
2,July 2001,Project added to IASB agenda,History of the project
2,20 September 2001,IASB invites comments on G4+1 Discussion Paper Accounting for Share-Based Payments,Comment deadline 15 December 2001
2,7 November 2002,Exposure Draft ED 2 Share-Based Payment published,Comment deadline 7 March 2003
2,19 February 2004,IFRS 2 Share-based Payment issued,Effective for annual periods beginning on or after 1 January 2005
2,2 February 2006,Exposure Draft Vesting Conditions and Cancellations published,Comment deadline 2 June 2006
2,17 January 2008,Amended by Vesting Conditions and Cancellations (Amendments to IFRS 2),Effective for annual periods beginning on or after 1 January 2009
2,16 April 2009,Amended by Improvements to IFRSs (scope of IFRS 2 and revised IFRS 3),Effective for annual periods beginning on or after 1 July 2009
2,18 June 2009,Amended by Group Cash-settled Share-based Payment Transactions,Effective for annual periods beginning on or after 1 January 2010
2,12 December 2013,Amended by Annual Improvements to IFRSs 2010–2012 Cycle (definition of vesting condition),Effective for annual periods beginning on or after 1 July 2014
2,20-Jun-2016,Amended by Classification and Measurement of Share-based Payment Transactions (Amendments to IFRS 2),Effective for annual periods beginning on or after 1 January 2018
3,July 2001,Project added to IASB agenda (carried over from the old IASC),History of the project
3,5 December 2002,Exposure Draft ED 3 Business Combinations and related exposure drafts proposing amendments to IAS 36 and IAS 38 published,Comment deadline 4 April 2003
3,31 March 2004,IFRS 3 Business Combinations (2004) and related amended versions of IAS 36 and IAS 38 issued (IFRS 3 supersedes IAS 22),Effective for business combinations for which the agreement date is on or after 31 March 2004
3,29 April 2004,"Exposure Draft Combinations by Contract Alone or Involving Mutual Entities published (These proposals were not finalised, but instead considered as part of the June 2005 exposure draft)",Comment deadline 31 July 2004
3,30 June 2005,Exposure Draft Proposed Amendments to IFRS 3 published,Comment deadline 28 October 2005
3,10 January 2008,IFRS 3 Business Combinations (2008) issued,Applies to business combinations for which the acquisition date is on or after the beginning of the first annual reporting period beginning on or after 1 July 2009
3,6 May 2010,"Amended by Annual Improvements to IFRSs 2010 (measurement of non-controlling interests, replaced share-based payment awards, transitional arrangements for contingent consideration)",Effective for annual periods beginning on or after 1 July 2010
3,12 December 2013,Amended by Annual Improvements to IFRSs 2010–2012 Cycle (contingent consideration),Applicable for business combinations for which the acquisition date is on or after 1 July 2014
3,12 December 2013,Amended by Annual Improvements to IFRSs 2011–2013 Cycle (scope exception for joint ventures),Effective for annual periods beginning on or after 1 July 2014
3,12-Dec-2017,Amended by Annual Improvements to IFRS Standards 2015–2017,Effective for annual periods beginning on or after 1 January 2019
3,22-Oct-2018,Amended by Definition of a Business (Amendments to IFRS 3),Effective for business combinations for which the acquisition date is on or after the beginning of the first annual reporting period beginning on or after 1 January 2020 and to asset acquisitions that occur on or after the beginning of that period
3,14-May-2020,Amended by Reference to the Conceptual Framework (Amendments to IFRS 3),Effective for annual periods beginning on or after 1 January 2022
4,1 April 2001,Comprehensive insurance contracts project carried over from IASC to new IASB,History of the comprehensive project
4,May 2002,Short-term insurance contracts project split off from comprehensive project,History of the short-term project
4,31 July 2003,Exposure Draft ED 5 Insurance Contracts published,Comment deadline 31 October 2003
4,31 March 2004,IFRS 4 Insurance Contracts issued,Effective for annual periods beginning on or after 1 January 2005
4,18 August 2005,Amended by Financial Guarantee Contracts (Amendments to IAS 39 and IFRS 4),Effective for annual periods beginning on or after 1 January 2006
4,12-Sep-2016,Amended by Applying IFRS 9 'Financial Instruments' with IFRS 4 'Insurance Contracts',An entity choosing to apply the overlay approach retrospectively to qualifying financial assets does so when it first applies IFRS 9. An entity choosing to apply the deferral approach does so for annual periods beginning on or after 1 January 2018.
4,18-May-2017,IFRS 17 Insurance Contracts issued,IFRS 17 will replace IFRS 4 as of 1 January 2021 2023
4,25-Jun-2020,Amendments to IFRS 17 and Extension of the Temporary Exemption from Applying IFRS 9 (Amendments to IFRS 4) issued,"The effective date of IFRS 17, which will be replacing IFRS 4, is now 1 January 2023; the fixed expiry date for the temporary exemption in IFRS 4 from applying IFRS 9 has been deferred to 1 January 2023."
4,27-Aug-2020,"Amended by Interest Rate Benchmark Reform — Phase 2 (Amendments to IFRS 9, IAS 39, IFRS 7, IFRS 4 and IFRS 16)","The amendments require insurers who apply the temporary exemption from IFRS 9 to apply the amendments in IFRS 9 in accounting for modifications directly required by the IBOR reform, they are effective for annual periods beginning on or after 1 January 2021"
5,September 2002,Project added to IASB agenda,History of the project
5,24 July 2003,Exposure Draft ED 4 Disposal of Non-current Assets and Presentation of Discontinued Operations published,Comment deadline 24 October 2003
5,31 March 2004,IFRS 5 Non-current Assets Held for Sale and Discontinued Operations issued,Effective for annual periods beginning on or after 1 January 2005
5,22 May 2008,Amended by Improvements to IFRSs 2007 (sale of a controlling interest in the subsidiary),Effective for annual periods beginning on or after 1 July 2009
5,27 November 2008,Consequential amendments from IFRIC 17 Distributions of Non-cash Assets to Owners (assets held for distribution to owners),Effective for annual periods beginning on or after 1 July 2009
5,16 April 2009,Amended by Improvements to IFRSs 2009 (disclosure requirements in other standards),Effective for annual periods beginning on or after 1 January 2010
5,25-Sep-2014,Amended by Improvements to IFRSs 2014 (changes in methods of disposal),Effective for annual periods beginning on or after 1 January 2016
6,November 2000,IASC issues paper Summary of Issues: Extractive Industries published and comments invited,Comment deadline 30 June 2001
6,01-Apr-2001,Project on extractive industries carried over from IASC,History of the comprehensive project
6,September 2002,Short-term project split off from comprehensive project,History of the short-term project
6,16 January 2004,Exposure Draft ED 6 Exploration for and Evaluation of Mineral Resources published,Comment deadline 16 April 2004
6,9 December 2004,IFRS 6 Exploration and Evaluation of Mineral Resources issued,Effective for annual periods beginning on or after 1 January 2006
6,30 June 2005,Amended by Amendments to IFRS 1 First-time Adoption of International Financial Reporting Standards and IFRS 6 Exploration for and Evaluation of Mineral Resources (transitional relief),Amended Basis for Conclusions to IFRS 6 only
6,07-Dec-2023,IASB completes project on extractives by publishing project summary,"The IASB decided not to develop new or amended recognition, measurement or disclosure requirements for exploration and evaluation expenditure or other aspects of accounting for extractive activities"
7,22 July 2004,Exposure Draft ED 7 Financial Instruments: Disclosures published,Comment deadline 14 September 2009
7,18 August 2005,IFRS 7 Financial Instruments: Disclosures issued,Effective for annual periods beginning on or after 1 January 2007
7,22 May 2008,"Amended by Improvements to IFRSs (required disclosures when interests in jointly controlled entities are accounted for at fair value through profit or loss, presentation of finance costs)",Effective for annual periods beginning on or after 1 January 2009
7,13 October 2008,Reclassification of Financial Assets (Amendments to IAS 39 and IFRS 7) issued,Effective 1 July 2008
7,23 December 2008,Exposure Draft Investments in Debt Instruments (Proposed Amendments to IFRS 7) published,Comment deadline 15 January 2009 (Project subsequently abandoned in January 2009)
7,5 March 2009,Improving Disclosures about Financial Instruments (Amendments to IFRS 7) issued,Effective for annual periods beginning on or after 1 January 2009
7,6 May 2010,Amended by Improvements to IFRSs (clarification of disclosures),Effective for annual periods beginning on or after 1 January 2011
7,7 October 2010,Disclosures – Transfers of Financial Assets (Amendments to IFRS 7) issued,Effective for annual periods beginning on or after 1 July 2011
7,16 December 2011,Disclosures — Offsetting Financial Assets and Financial Liabilities (Amendments to IFRS 7) issued,Effective for annual periods beginning on or after 1 January 2013
7,16 December 2011,Mandatory Effective Date and Transition Disclosures (Amendments to IFRS 9 and IFRS 7) issued,Effective for annual periods beginning on or after 1 January 2015 (or otherwise when IFRS 9 is first applied)*
7,19 November 2013,"IFRS 9 Financial Instruments (Hedge Accounting and amendments to IFRS 9, IFRS 7 and IAS 39) issued, implementing additional disclosures (and consequential amendments) resulting from the introduction of the hedge accounting chapter in IFRS 9",Applies when IFRS 9 is applied*
7,25-Sep-2014,Amended by Improvements to IFRSs 2014 (servicing contracts and applicability of the amendments to IFRS 7 to condensed interim financial statements),Effective for annual periods beginning on or after 1 January 2016
7,26-Sep-2019,"Interest Rate Benchmark Reform (Amendments to IFRS 9, IAS 39 and IFRS 7) issued, requiring additional disclosures around uncertainty arising from the interest rate benchmark reform",Effective for annual periods beginning on or after 1 January 2020
7,27-Aug-2020,"Amended by Interest Rate Benchmark Reform — Phase 2 (Amendments to IFRS 9, IAS 39, IFRS 7, IFRS 4 and IFRS 16); the amendments require additional disclosures that allow users to understand the nature and extent of risks arising from the IBOR reform to which the entity is exposed to and how the entity manages those risks",Effective for annual periods beginning on or after 1 January 2021
7,12-Feb-2021,Amended by Disclosure of Accounting Policies (Amendments to IAS 1 and IFRS Practice Statement 2 Making Materiality Judgements); the amendments state that information about the measurement basis of financial instruments represent material accounting policy information and give examples,Effective for annual periods beginning on or after 1 January 2023
7,25-May-2023,"Amended by Supplier Finance Arrangements (Amendments to IAS 7 and IFRS 7); the amendments add disclosure requirements, and ‘signposts’ within existing disclosure requirements, that ask entities to provide qualitative and quantitative information about supplier finance arrangements",Effective for annual periods beginning on or after 1 January 2024
7,09-Apr-2024,Amended by IFRS 18 Presentation and Disclosure in Financial Statements; the amendments move the disclosure requirements in IAS 1:80A and IAS 1:136A regards puttable financial instruments classified as equity instruments to IFRS 7,Effective for annual periods beginning on or after 1 January 2027
7,30-May-2024,Amended by Amendments to the Classification and Measurement of Financial Instruments (Amendments to IFRS 9 and IFRS 7) to address matters identified during the post-implementation review of the classification and measurement requirements of IFRS 9 Financial Instruments,Effective for annual periods beginning on or after 1 January 2026
7,18-Jul-2024,Amended by Annual Improvements to IFRS Accounting Standards — Volume 11,The amendments are effective for annual reporting periods beginning on or after 1 January 2026
8,19 January 2006,ED 8 Operating Segments issued,Comment deadline 19 May 2006. (IASB press release)
8,30 November 2006,IFRS 8 Operating Segments issued,"Effective for annual periods beginning on or after 1 January 2009, superseding IAS 14 Segment Reporting"
8,16 April 2009,Amended by Annual Improvements to IFRSs 2009 (disclosures of segment assets),Effective for annual periods beginning on or after 1 January 2010
8,18 July 2013,Report and Feedback Statement Post-implementation Review: IFRS 8 Operating Segments published,Areas for potential improvement and amendment will be considered through the IASB's normal processes
8,12 December 2013,"Amended by Annual Improvements to IFRSs 2010–2012 Cycle (aggregation of operating segments, reconciliations of assets)",Effective for annual periods beginning on or after 1 July 2014
9,14 July 2009,Exposure Draft ED/2009/7 Financial Instruments: Classification and Measurement published,Comment deadline 14 September 2009
9,12 November 2009,"IFRS 9 Financial Instruments issued, covering classification and measurement of financial assets","Original effective date 1 January 2013, later removed"
9,11 May 2010,Exposure Draft ED/2010/4 Fair Value Option for Financial Liabilities published,Comment deadline 16 July 2010
9,28 October 2010,"IFRS 9 Financial Instruments reissued, incorporating new requirements on accounting for financial liabilities and carrying over from IAS 39 the requirements for derecognition of financial assets and financial liabilities","Original effective date 1 January 2013, later removed"
9,4 August 2011,"ED/2011/3 Amendments to IFRS 9 (2009) and IFRS 9 (2010): Mandatory Effective Date published, proposing the adjust the mandatory effective date of IFRS 9 from 1 January 2013 to 1 January 2015",Comment deadline 21 October 2011
9,16 December 2011,Mandatory Effective Date and Transition Disclosures (Amendments to IFRS 9 and IFRS 7) published,"Amended the effective date of IFRS 9 to annual periods beginning on or after 1 January 2015 (removed in 2013), and modified the relief from restating comparative periods and the associated disclosures in IFRS 7"
9,28 November 2012,Exposure Draft ED/2012/4 Classification and Measurement: Limited Amendments to IFRS 9 (proposed amendments to IFRS 9 (2010)) published,Comment deadline 28 March 2013
9,19 November 2013,"IASB issues IFRS 9 Financial Instruments (Hedge Accounting and amendments to IFRS 9, IFRS 7 and IAS 39) amending IFRS 9 to: include the new general hedge accounting model; allow early adoption of the requirement to present fair value changes due to own credit on liabilities designated as at fair value through profit or loss to be presented in other comprehensive income; and remove the 1 January 2015 effective date",Removed the mandatory effective date of IFRS 9 (2009) and IFRS 9 (2010)
9,24-Jul-2014,IASB issues IFRS 9 Financial Instruments,IFRS 9 (2014) was issued as a complete standard including the requirements previously issued and the additional amendments to introduce a new expected loss impairment model and limited changes to the classification and measurement requirements for financial assets. This amendment completes the IASB’s financial instruments project and the Standard is effective for reporting periods beginning on or after 1 January 2018 with early adoption permitted (subject to local endorsement requirements).
9,12-Sep-2016,IASB issues Applying IFRS 9 'Financial Instruments' with IFRS 4 'Insurance Contracts' (Amendments to IFRS 4) to address concerns about the different effective dates of IFRS 9 and the new insurance contracts standard,An entity choosing to apply the overlay approach retrospectively to qualifying financial assets does so when it first applies IFRS 9. An entity choosing to apply the deferral approach does so for annual periods beginning on or after 1 January 2018.
9,12-Oct-2017,IASB issues Prepayment Features with Negative Compensation (Amendments to IFRS 9) to address the concerns about how IFRS 9 classifies particular prepayable financial assets,The amendments are to be applied retrospectively for fiscal years beginning on or after 1 January 2019; early application is permitted.
9,14-May-2020,Amended by Annual Improvements to IFRS Standards 2018–2020 (fees in the ‘10 per cent’ test for derecognition of financial liabilities). Click for more information,Effective for annual periods beginning on or after 1 January 2022
9,09-Dec-2021,IASB issues Initial Application of IFRS 17 and IFRS 9 — Comparative Information (Amendment to IFRS 17) to permit entities that first apply IFRS 17 and IFRS 9 at the same time to present comparative information about a financial asset as if the classification and measurement requirements of IFRS 9 had been applied to that financial asset before,An entity that elects to apply the amendment applies it when it first applies IFRS 17.
9,30-May-2024,Amendments to the Classification and Measurement of Financial Instruments (Amendments to IFRS 9 and IFRS 7) published,The amendments are effective for reporting periods beginning on or after 1 January 2026. An entity is required to apply the amendments retrospectively.
9,18-Jul-2024,Amended by Annual Improvements to IFRS Accounting Standards — Volume 11,The amendments are effective for annual reporting periods beginning on or after 1 January 2026
9,18-Dec-2024,Contracts Referencing Nature-dependent Electricity (Amendments to IFRS 9 and IFRS 7) published,The amendments are effective for annual reporting periods beginning on or after 1 January 2026. The amendments are to be applied retrospectively.
10,01-Apr-2002,Project on consolidation added to the IASB's agenda (project history),
10,18 December 2008,ED 10 Consolidated Financial Statements published,Comment deadline 20 March 2009
10,29 September 2010,Staff draft of IFRS X Consolidated Financial Statements published,
10,12 May 2011,IFRS 10 Consolidated Financial Statements published,Effective for annual periods beginning on or after 1 January 2013
10,28 June 2012,"Amended by Consolidated Financial Statements, Joint Arrangements and Disclosure of Interests in Other Entities: Transition Guidance (project history)",Effective for annual periods beginning on or after 1 January 2013
10,31 October 2012,"Amended by Investment Entities (Amendments to IFRS 10, IFRS 12 and IAS 27) (project history)",Effective for annual periods beginning on or after 1 January 2014
10,11-Sep-2014,Amended by Sale or Contribution of Assets between an Investor and its Associate or Joint Venture (Amendments to IFRS 10 and IAS 28),Effective for annual periods beginning on or after 1 January 2016 deferred indefinitely (see below)
10,18-Dec-2014,"Amended by Investment Entities: Applying the Consolidation Exception (Amendments to IFRS 10, IFRS 12 and IAS 28) (project history)",Effective for annual periods beginning on or after 1 January 2016
10,17-Dec-2015,Amended by Effective Date of Amendments to IFRS 10 and IAS 28,defer the effective date of the September 2014 amendments to these standards indefinitely
10,18-Jul-2024,Amended by Annual Improvements to IFRS Accounting Standards — Volume 11,The amendments are effective for annual reporting periods beginning on or after 1 January 2026.
11,November 2004,Project on joint arrangements added to the IASB's agenda,History of the project
11,13 September 2007,Exposure Draft ED 9 Joint Arrangements published,Comment deadline 11 January 2008
11,12 May 2011,IFRS 11 Joint Arrangements issued,Effective for annual periods beginning on or after 1 January 2013
11,28 June 2012,"Amended by Consolidated Financial Statements, Joint Arrangements and Disclosure of Interests in Other Entities: Transition Guidance",Effective for annual periods beginning on or after 1 January 2013
11,06-May-2014,Amended by Accounting for Acquisitions of Interests in Joint Operations (Amendments to IFRS 11),Effective for annual periods beginning on or after 1 January 2016
11,12-Dec-2017,Amended by Annual Improvements to IFRS Standards 2015–2017 Cycle.,Effective for annual periods beginning on or after 1 January 2019.
12,April 2002,Project on consolidation added to the IASB's agenda,History of the project
12,November 2004,Project on joint arrangements added to the IASB's agenda,History of the project
12,13 September 2007,ED 9 Joint Arrangements published,Comment deadline 11 January 2008
12,18 December 2008,ED 10 Consolidated Financial Statements published,Comment deadline 20 March 2009
12,January 2010,"IASB decision to issue a separate disclosure standard addressing a reporting entity's involvement with other entities that are not in the scope of IAS 39/IFRS 9 (including subsidiaries, associates and joint arrangements and unconsolidated SPEs/structured entities)",
12,12 May 2011,IFRS 12 Disclosure of Interests in Other Entities issued,Effective for annual periods beginning on or after 1 January 2013
12,28 June 2012,"Amended by Consolidated Financial Statements, Joint Arrangements and Disclosure of Interests in Other Entities: Transition Guidance (project history)",Effective for annual periods beginning on or after 1 January 2013
12,31 October 2012,"Amended by Investment Entities (Amendments to IFRS 10, IFRS 12 and IAS 27) (project history)",Effective for annual periods beginning on or after 1 January 2014
12,18-Dec-2014,"Amended by Investment Entities: Applying the Consolidation Exception (Amendments to IFRS 10, IFRS 12 and IAS 28) (project history)",Effective for annual periods beginning on or after 1 January 2016
12,08-Dec-2016,Amended by Annual Improvements to IFRS Standards 2014–2016 Cycle (Clarification of the scope of the Standard). Click for more information,Effective for annual periods beginning on or after 1 January 2017
13,September 2005,Project on fair value measurement added to the IASB's agenda,History of the project
13,30 November 2006,Discussion Paper Fair Value Measurements published,Comment deadline 2 April 2007
13,28 May 2009,Exposure Draft Fair Value Measurement published,Comment deadline 28 September 2009
13,29 June 2010,Exposure Draft Measurement Uncertainty Analysis Disclosure for Fair Value Measurements published,Comment deadline 7 September 2010
13,19 August 2010,Staff draft of a IFRS on fair value measurement released,
13,12 May 2011,IFRS 13 Fair Value Measurement issued,Effective for annual periods beginning on or after 1 January 2013
13,12 December 2013,Amended by Annual Improvements to IFRSs 2010–2012 Cycle (short-term receivables and payables),Amendment to the basis for conclusions only
13,12 December 2013,Amended by Annual Improvements to IFRSs 2011–2013 Cycle (scope of portfolio exception in paragraph 52),Effective for annual period beginning on or after 1 July 2014
14,01-Dec-2012,IASB reactivated the rate regulated activities project,The IASB indicated it would consider an interim standard for entities adopting IFRS before completing a comprehensive project
14,25 April 2013,Exposure Draft ED/2013/5 Regulatory Deferral Accounts published,Comment deadline 4 September 2013
14,30 January 2014,IFRS 14 Regulatory Deferral Accounts issued,Effective for an entity's first annual IFRS financial statements for periods beginning on or after 1 January 2016
15,June 2002,Project on revenue added to the IASB's agenda,History of the project
15,19 December 2008,Discussion Paper Preliminary Views on Revenue Recognition in Contracts with Customers published,Comment deadline 19 June 2009
15,24 June 2010,Exposure Draft ED/2010/6 Revenue from Contracts with Customers published,Comment deadline 22 October 2010
15,14 November 2011,Exposure Draft ED/2011/6 Revenue from Contracts with Customers published (re-exposure),Comment deadline 13 March 2012
15,28 May 2014,IFRS 15 Revenue from Contracts with Customers issued,Effective for an entity's first annual IFRS financial statements for periods beginning on or after 1 January 2017
15,11-Sep-2015,IASB defers effective date of IFRS 15 to 1 January 2018,New effective date of IFRS 15 is 1 January 2018
15,12-Apr-2016,Clarifications to IFRS 15 'Revenue from Contracts with Customers' issued,"Effective for an entity's first annual IFRS financial statements for periods beginning on or after 1 January 2018. The amendments do not change the underlying principles of the standard, just clarify and offer some additional transition relief."
16,01-Jul-2006,Added to the IASB's agenda,
16,19 March 2009,Discussion Paper DP/2009/1 Leases: Preliminary Views published,Comment deadline 17 July 2009
16,17 August 2010,Exposure Draft ED/2010/9 Leases published,Comment deadline 15 December 2010
16,21 July 2011,IASB/FASB announce intention to re-expose proposals,ED originally expected in first half of 2012
16,16-May-2013,Exposure Draft ED/2013/6 Leases published,Comment deadline 13 September 2013
16,13-Jan-2016,IFRS 16 Leases published,Effective for annual periods beginning on or after 1 January 2019
16,14-May-2020,Amended by Annual Improvements to IFRS Standards 2018–2020 (lease incentives illustrative example). Click for more information,Effective for annual periods beginning on or after 1 January 2022
16,28-May-2020,Amended by Covid-19-Related Rent Concessions (Amendment to IFRS 16),Effective for annual periods beginning on or after 1 June 2020
16,27-Aug-2020,"Amended by Interest Rate Benchmark Reform — Phase 2 (Amendments to IFRS 9, IAS 39, IFRS 7, IFRS 4 and IFRS 16)",Effective for annual periods beginning on or after 1 January 2021
16,31-Mar-2021,Amended by Covid-19-Related Rent Concessions beyond 30 June 2021 (Amendment to IFRS 16),Effective for annual periods beginning on or after 1 April 2021
16,22-Sep-2022,Amended by Lease Liability in a Sale and Leaseback (Amendments to IFRS 16),Effective for annual periods beginning on or after 1 January 2024
17,01-Sep-2001,Added to the IASB's agenda,
17,01-Sep-2004,Insurance Working Group appointed,Fresh start on the project
17,03-May-2007,Discussion Paper Preliminary Views on Insurance Contracts published,Comment deadline 16 November 2007
17,30-Jul-2010,Exposure Draft ED/2010/8 Insurance Contracts published,Comment deadline 30 November 2010
17,Fourth quarter 2010,Roundtables,
17,20-Jun-2013,ED/2013/7 Insurance Contracts published,Comment deadline 25 October 2013
17,18-May-2017,IFRS 17 Insurance Contracts published,Effective for annual periods beginning on or after 1 January 2021 2023 (see below)
17,25-Jun-2020,Amended by Amendments to IFRS 17,"The amendments, which include a deferral of the effective date of the standard, are effective for annual periods beginning on or after 1 January 2023"
17,09-Dec-2021,Amended by Initial Application of IFRS 17 and IFRS 9 — Comparative Information (Amendment to IFRS 17) to permit entities that first apply IFRS 17 and IFRS 9 at the same time to present comparative information about a financial asset as if the classification and measurement requirements of IFRS 9 had been applied to that financial asset before,An entity that elects to apply the amendment applies it when it first applies IFRS 17.
18,01-Apr-2016,Project initially discussed by the Board,
18,01-May-2019,"The Board decides that the next due process document will be an exposure draft, not a discussion paper",
18,17-Dec-2019,ED/2019/7 General Presentation and Disclosures published,Comments requested by 30 June 2020
18,17-Apr-2020,Comment period on the exposure draft extended until 30 September 2020,
18,09-Apr-2024,IFRS 18 Presentation and Disclosure in Financial Statements?issued,Effective for an entity's first annual IFRS financial statements for periods beginning on or after 1 January 2027
19,01-Apr-2016,Issue first discussed by the IASB (in response to the feedback to the 2015 Agenda consultation),
19,01-Jan-2020,Project added to the IASB's standard-setting agenda,
19,26-Jul-2021,ED/2021/7 Subsidiaries without Public Accountability: Disclosures published,Comment period ended on 31 January 2022 
19,09-May-2024,IFRS 19 Subsidiaries without Public Accountability: Disclosures issued ,Effective for periods beginning on or after 1 January 2027 
19,21-Aug-2025,Amendments to IFRS 19 ‘Subsidiaries without Public Accountability: Disclosures’ issued,The amendments cover new or amended IFRS Accounting Standards issued between 28 February 2021 and 1 May 2024 that were not considered when IFRS 19 was first issued.
20,December 2008,Added to the IASB's agenda,
20,23-Jul-2009,Exposure Draft ED/2009/8 Rate-regulated Activities published,Comment deadline 20 November 2009
20,September 2010,IASB decided to defer the project,
20,December 2012,Reactivated as an active project,The IASB indicated an intention to consider an interim standard for entities adopting IFRS before completing a comprehensive project
20,28 March 2013,Request for Information Rate Regulation published,Comment deadline 30 May 2013
20,29 April 2013,Consultative group established,Details
20,17-Sep-2014,Discussion Paper DP/2014/2 Reporting the Financial Effects of Rate Regulation published,Comments requested by 15 January 2015
20,28-Jan-2021,Exposure draft ED/2021/1 Regulatory Assets and Regulatory Liabilities published,Comments requested by 30 July 2021
20,27-May-2026,IFRS 20 Regulatory Assets and Regulatory Liabilities published,Effective for annual periods beginning on or after 1 January 2029
